timestamp,symbol,closing,volume
2019-01-03,ARNC,18.43,6114218
2019-01-03,WYNN,103.39,2885313
2019-01-03,GE,8.06,122950017
2019-01-03,COTY,6.79,13461423
2019-01-03,HES,42.39,6034723
2019-01-03,COG,23.38,5446916
2019-01-03,DISH,26.42,5570631
2019-01-03,LVS,52.22,4245971
2019-01-03,CXO,106.86,1564483
2019-01-03,DISCA,25.68,4947926
2019-01-04,INCY,72.27,2936557
2019-01-04,WY,23.02,5844389
2019-01-04,AAP,158.81,1423237
2019-01-04,TSN,55.16,5559093
2019-01-04,DISH,28.28,4906598
2019-01-04,ORLY,341.82,807746
2019-01-04,IRM,33.18,1693886
2019-01-04,PSA,196.6,978719
2019-01-04,MAC,44.23,1039914
2019-01-04,DISCK,24.35,1992466
2019-01-07,AMD,20.57,107157014
2019-01-07,DISH,28.6,3447129
2019-01-07,CF,44.11,2379758
2019-01-07,NFLX,315.34,18620116
2019-01-07,TWTR,31.34,19920185
2019-01-07,URI,114.12,2153234
2019-01-07,NBL,21.39,6315319
2019-01-07,AAL,32.95,8010692
2019-01-07,QRVO,59.78,1093649
2019-01-07,PRGO,44.03,1928583
2019-01-08,CMG,497.37,883349
2019-01-08,AMD,20.75,121270986
2019-01-08,COTY,7.52,7660199
2019-01-08,ULTA,276,919879
2019-01-08,BBY,57.4,4040203
2019-01-08,DXC,59.16,2954543
2019-01-08,GPS,25.22,8925762
2019-01-08,ROST,91.54,4593476
2019-01-08,FTNT,71.55,2409092
2019-01-08,HES,48.48,5406149
2019-01-09,APTV,69.54,4290784
2019-01-09,SLG,86.23,1221848
2019-01-09,VRSN,155.64,860769
2019-01-09,PLD,61.31,2609120
2019-01-09,SO,45.49,6687836
2019-01-09,AIV,45.5375,894636
2019-01-09,CDW,81.33,960252
2019-01-09,SRE,112.42,1690181
2019-01-09,BXP,117.44,879872
2019-01-09,MCO,146.39,1017190
2019-01-10,LEN,45.17,5568786
2019-01-10,IPGP,128.52,453850
2019-01-10,DHI,39.11,7247623
2019-01-10,LRCX,144.57,2009414
2019-01-10,MHK,126.59,671323
2019-01-10,WDC,39.81,4842762
2019-01-10,APA,30.96,3930203
2019-01-10,ABMD,335.13,531139
2019-01-10,TPR,36.11,4433766
2019-01-10,AVGO,249.52,2959355
2019-01-11,KSS,67.27,3425058
2019-01-11,IP,45.24,3805831
2019-01-11,GE,8.94,80669349
2019-01-11,AAL,31.8,6900397
2019-01-11,PKG,91.12,599976
2019-01-11,NWL,20.4,4151148
2019-01-11,HES,51.27,4236900
2019-01-11,DAL,48.56,6578016
2019-01-11,EQIX,371.43,433609
2019-01-11,HAL,30.7,11393027
2019-01-14,AMD,20.23,71350248
2019-01-14,QRVO,61.18,1259698
2019-01-14,NVDA,150.44,18254249
2019-01-14,PRGO,45.72,1217486
2019-01-14,MXIM,51.12,2790181
2019-01-14,LEN,45.2,3667472
2019-01-14,HUM,282.08,843031
2019-01-14,AGN,149.26,2042966
2019-01-14,ULTA,274.9,928479
2019-01-14,WYNN,108.1,3692189
2019-01-15,C,61.38,42695036
2019-01-15,XEC,73.32,1629089
2019-01-15,APA,31.75,4822080
2019-01-15,COG,24.8,5487775
2019-01-15,EOG,98.59,2452877
2019-01-15,MS,42.88,11737324
2019-01-15,KEY,16.31,9412451
2019-01-15,BKNG,1698.31,436078
2019-01-15,PFG,47.42,1681118
2019-01-15,ATVI,46.84,8190864
2019-01-16,INCY,76.56,2228834
2019-01-16,EW,156.64,1976426
2019-01-16,ARNC,20.1,5559597
2019-01-16,BSX,36.62,5535985
2019-01-16,COO,272.15,435924
2019-01-16,ALXN,111.7,2158053
2019-01-16,ADSK,135.3,1425769
2019-01-16,ABT,69.82,6357464
2019-01-16,ANET,221.24,527222
2019-01-16,BMY,49.13,14961379
2019-01-17,GS,199.09,8178560
2019-01-17,ALGN,212.67,1798722
2019-01-17,JWN,45.88,3466477
2019-01-17,HPE,14.27,6240087
2019-01-17,CMA,79.7,2386285
2019-01-17,NTAP,61.92,2758263
2019-01-17,GE,9.14,105795102
2019-01-17,WYNN,114.27,2545949
2019-01-17,FISV,74.5,19092028
2019-01-17,BLK,412.52,917350
2019-01-18,ISRG,542.55,1037570
2019-01-18,HFC,55.97,2485193
2019-01-18,TIF,89.82,4404243
2019-01-18,WAB,75.65,780547
2019-01-18,COTY,7.53,11856006
2019-01-18,AMD,20.77,88130950
2019-01-18,PPG,105.43,2248202
2019-01-18,HBI,14.84,4936060
2019-01-18,TRIP,59.04,1639228
2019-01-18,PVH,110.18,1634406
2019-01-22,WDC,37.56,6548998
2019-01-22,MU,33.87,37021938
2019-01-22,ABC,79.71,1400412
2019-01-22,FISV,78.19,11480686
2019-01-22,CFG,35.18,6489100
2019-01-22,M,24.9,13222915
2019-01-22,EW,168.29,1476714
2019-01-22,TIF,87.6,3076672
2019-01-22,NLSN,24.81,4579443
2019-01-22,CSX,65.83,6202415
2019-01-23,ARNC,18.05,13055246
2019-01-23,CBOE,98.21,793734
2019-01-23,STT,70.82,2470310
2019-01-23,CME,187.82,1317440
2019-01-23,DLTR,94.44,2233305
2019-01-23,CMG,521.37,1040331
2019-01-23,HUM,299.28,1432295
2019-01-23,FITB,27.57,4709635
2019-01-23,CCI,110.27,2558281
2019-01-23,PEG,53.33,2907035
2019-01-24,ARNC,18.4,7354858
2019-01-24,APH,85.22,2242139
2019-01-24,PGR,65.24,3964716
2019-01-24,FISV,82.79,10378249
2019-01-24,ROL,37.78,2485924
2019-01-24,WAT,223.71,1110472
2019-01-24,NLSN,25.28,3595875
2019-01-24,CMCSA,36.24,40436877
2019-01-24,CERN,54.46,2227510
2019-01-24,PPL,30.78,3800951
2019-01-25,XLNX,110.37,8752654
2019-01-25,LRCX,165.49,7159739
2019-01-25,STX,43.66,9455422
2019-01-25,ADI,97.67,4300164
2019-01-25,AMAT,39.19,17553661
2019-01-25,TXN,104.41,11041665
2019-01-25,TEL,80.15,2001721
2019-01-25,MCHP,80.63,2925798
2019-01-25,KEYS,71.07,2496037
2019-01-25,AMD,21.93,110555157
2019-01-28,COTY,7.34,7752557
2019-01-28,AMD,20.18,135044064
2019-01-28,XLNX,109.36,7988532
2019-01-28,GE,8.93,91636036
2019-01-28,M,25.72,8610114
2019-01-28,INCY,80.66,2326470
2019-01-28,UA,19.37,1864592
2019-01-28,AAL,36.57,14843458
2019-01-28,NVDA,138.01,62788169
2019-01-28,HES,51.73,4012545
2019-01-29,AAL,36.29,8744324
2019-01-29,WDC,42.55,6621570
2019-01-29,LRCX,164.99,3421202
2019-01-29,NVR,2625.31,31423
2019-01-29,HPE,15.37,20884397
2019-01-29,EL,130.4,2939324
2019-01-29,MU,37.39,30330993
2019-01-29,MLM,180.28,838511
2019-01-29,AMAT,38.2,8754569
2019-01-29,APA,33.08,5734448
2019-01-30,WHR,132.15,2201758
2019-01-30,PHM,27.24,8192505
2019-01-30,XRX,28.16,6827230
2019-01-30,TDG,385.06,746611
2019-01-30,GLW,33.52,8808163
2019-01-30,HOG,36.48,6550642
2019-01-30,CE,97.81,1216030
2019-01-30,LEN,46.4,4563414
2019-01-30,LMT,291.67,1781897
2019-01-30,PFE,41.58,34220146
2019-01-31,ALGN,248.95,3182956
2019-01-31,AMD,24.41,182575629
2019-01-31,MYL,29.95,9747706
2019-01-31,FCX,11.64,31833321
2019-01-31,HOG,36.86,4680392
2019-01-31,IEX,137.86,432553
2019-01-31,HP,55.99,2209870
2019-01-31,DAL,49.43,8287086
2019-01-31,NOW,220.02,11203258
2019-01-31,LVS,58.36,5201927
2019-02-01,COTY,7.54,8867594
2019-02-01,ALGN,244,1569897
2019-02-01,AMD,24.51,105171234
2019-02-01,MSCI,172.85,765332
2019-02-01,SHW,417.02,796197
2019-02-01,MDLZ,45.57,13268155
2019-02-01,NVDA,144.73,15624140
2019-02-01,DISCK,26.68,1653322
2019-02-01,BLL,52.03,4052887
2019-02-01,PFG,49.61,2089679
2019-02-04,AON,166.8,1770424
2019-02-04,WDC,47.85,6072596
2019-02-04,LYB,87.69,3331107
2019-02-04,MLM,185.96,666132
2019-02-04,INTC,49.22,20899717
2019-02-04,V,141.5,11652763
2019-02-04,MU,39.47,30844760
2019-02-04,MCK,132.26,2496554
2019-02-04,EMN,82.37,1755838
2019-02-04,CE,99.34,1277820
2019-02-05,RTN,175.98,2869522
2019-02-05,FCX,11.87,18495044
2019-02-05,APA,32.83,3886566
2019-02-05,KMX,61.94,2430565
2019-02-05,NBL,22.86,4877838
2019-02-05,IT,141,3795836
2019-02-05,GD,172.22,1580909
2019-02-05,LKQ,27.17,2566559
2019-02-05,MSFT,107.22,27317394
2019-02-05,LMT,299.46,1454543
2019-02-06,IT,143.01,2048501
2019-02-06,LEG,44.11,2126962
2019-02-06,TRIP,59.22,1858867
2019-02-06,EA,80.02,29738375
2019-02-06,STX,45.23,5192231
2019-02-06,GE,10.47,120470753
2019-02-06,DISH,31.35,2949421
2019-02-06,ABMD,344.78,434974
2019-02-06,FAST,30.76,4251824
2019-02-06,HIG,47.91,2644745
2019-02-07,CTSH,72.99,5880643
2019-02-07,BSX,38.85,9183663
2019-02-07,UNM,35.29,2370246
2019-02-07,WYNN,126.88,2341861
2019-02-07,SWKS,81.56,3578520
2019-02-07,IT,139.15,967707
2019-02-07,ANTM,308.05,1075737
2019-02-07,MU,39.38,40393238
2019-02-07,IPGP,136.77,332524
2019-02-07,AMAT,39.92,13388004
2019-02-08,HBI,17.84,12120082
2019-02-08,YUM,94.49,1961774
2019-02-08,EA,97.6,26871037
2019-02-08,SEE,42.89,3560539
2019-02-08,DTE,118.56,1183222
2019-02-08,CINF,84.02,895614
2019-02-08,CDW,90.31,1148819
2019-02-08,TTWO,97.14,4709764
2019-02-08,NVR,2579.08,44188
2019-02-08,EIX,58.08,1462012
2019-02-11,EA,97.24,38641201
2019-02-11,COTY,9.66,21768012
2019-02-11,QRVO,64.5,1175054
2019-02-11,WDC,45.93,4172930
2019-02-11,DXC,67.24,3502849
2019-02-11,MSI,134.18,1902950
2019-02-11,PM,79.05,7012030
2019-02-11,WLTW,170.02,766329
2019-02-11,ANET,229.18,727397
2019-02-11,ADSK,154.57,1432168
2019-02-12,CXO,116.5,2092226
2019-02-12,COTY,10.87,48798009
2019-02-12,HES,55.14,4034515
2019-02-12,ABMD,358.08,370191
2019-02-12,CMG,593.66,941063
2019-02-12,NWL,21.56,3857542
2019-02-12,HBI,18.6,7280111
2019-02-12,NBL,21.21,6235322
2019-02-12,DVN,25.96,7032841
2019-02-12,XEC,72.9,928782
2019-02-13,UAA,21.78,12352862
2019-02-13,IPGP,149.39,863911
2019-02-13,UA,19.88,5238190
2019-02-13,DHI,40.17,8431926
2019-02-13,LEN,48.17,4624222
2019-02-13,CAG,23.55,9897478
2019-02-13,TROW,98.13,1694158
2019-02-13,FBHS,47.44,1613029
2019-02-13,NFLX,351.77,10558130
2019-02-13,ATVI,44.57,51689790
2019-02-14,GE,10.04,93366979
2019-02-14,ATVI,45.43,22538725
2019-02-14,WAB,72.05,1013104
2019-02-14,APA,32.67,3970511
2019-02-14,PXD,143.08,4731706
2019-02-14,DVN,27.33,5739826
2019-02-14,TGT,72.18,4624921
2019-02-14,NBL,22.01,4804018
2019-02-14,MPC,64.04,4824106
2019-02-14,MAR,118.62,1785321
2019-02-15,BWA,41.92,2522151
2019-02-15,MRO,17.08,16710738
2019-02-15,ZTS,95.37,3310197
2019-02-15,IQV,141.85,1753796
2019-02-15,DISH,30.9,3203797
2019-02-15,EA,106.84,11254941
2019-02-15,HII,219.7,480369
2019-02-15,NTAP,64.03,3101410
2019-02-15,PXD,145.35,2466577
2019-02-15,FANG,105.5,2131575
2019-02-19,CTL,14.1,19618625
2019-02-19,AIG,42.99,8824112
2019-02-19,WAB,74.57,1043719
2019-02-19,ALXN,128.93,1169343
2019-02-19,ITW,143.25,1681664
2019-02-19,PFG,51.36,1601743
2019-02-19,GS,198.67,2558191
2019-02-19,IPGP,153,642817
2019-02-19,ADS,174.83,623771
2019-02-19,INCY,84.08,1149199
2019-02-20,NBL,24.05,9417285
2019-02-20,FCX,13.35,38188455
2019-02-20,F,8.94,55316198
2019-02-20,ETFC,48.44,3895894
2019-02-20,UA,19.18,2189189
2019-02-20,EXPE,128.59,951256
2019-02-20,OXY,68.25,4017706
2019-02-20,NEM,35.39,11729460
2019-02-20,CAH,55.91,2715820
2019-02-20,ALB,82.81,1770628
2019-02-21,GRMN,82.42,3142245
2019-02-21,CF,43.99,3336474
2019-02-21,HST,19.79,10887171
2019-02-21,KLAC,112.99,2604728
2019-02-21,MOS,33.17,3453060
2019-02-21,MAR,127.37,2891344
2019-02-21,CAT,138.88,4051215
2019-02-21,SJM,106.77,739529
2019-02-21,NBL,23.86,8385455
2019-02-21,GIS,46.95,5101982
2019-02-22,FLS,46.56,1380343
2019-02-22,CPRT,58.29,3662472
2019-02-22,EFX,110.76,1468767
2019-02-22,NVR,2680,18418
2019-02-22,HRB,25.08,3104632
2019-02-22,CLX,159.58,678236
2019-02-22,MKC,135.74,1957370
2019-02-22,MSFT,110.97,27759729
2019-02-22,DHI,40.84,5138328
2019-02-22,O,69.74,2121855
2019-02-25,INTU,247.72,2876376
2019-02-25,GIS,46.2,6066242
2019-02-25,DISH,31.95,2379183
2019-02-25,HRL,42.53,3945084
2019-02-25,STX,48.05,3360117
2019-02-25,CPRT,59.21,2565952
2019-02-25,WDC,51.36,7754582
2019-02-25,TFX,290.15,293519
2019-02-25,TWTR,31.99,15061490
2019-02-25,MKC,133.43,1344239
2019-02-26,WAB,73.96,27633894
2019-02-26,CXO,108.47,1639642
2019-02-26,ALGN,259.79,1298693
2019-02-26,COG,25.11,8647314
2019-02-26,HPE,16.8,10044711
2019-02-26,LB,27.48,3037010
2019-02-26,CPRI,45.61,3167802
2019-02-26,ALXN,133.29,1396088
2019-02-26,IPGP,159.58,320784
2019-02-26,FANG,105.51,1853965
2019-02-27,EA,97.84,5205630
2019-02-27,VMC,112.11,936636
2019-02-27,MLM,189.87,766119
2019-02-27,REGN,433.33,598822
2019-02-27,LOW,107.62,8874709
2019-02-27,KEYS,84.82,1595009
2019-02-27,SCHW,46.57,3582611
2019-02-27,KMX,60.3,1837233
2019-02-27,NTAP,66.08,2328804
2019-02-27,BKNG,1906,750409
2019-02-28,CPB,36.02,5970945
2019-02-28,JWN,47.28,6313087
2019-02-28,TJX,51.29,9408010
2019-02-28,UAA,22.55,4773858
2019-02-28,PSA,211.49,1812790
2019-02-28,UA,20.08,3033907
2019-02-28,ILMN,312.77,1599128
2019-02-28,KR,29.33,10237689
2019-02-28,M,24.79,13276393
2019-02-28,ALXN,135.33,1555060
2019-03-01,PRGO,50.13,1719016
2019-03-01,WDC,51.66,7728331
2019-03-01,UHS,140.8,796589
2019-03-01,LUV,54.34,9038610
2019-03-01,NLSN,26.98,8440727
2019-03-01,AAP,160.62,1398674
2019-03-01,AZO,929.32,465671
2019-03-01,KMX,61.65,1985246
2019-03-01,TTWO,88.32,2028371
2019-03-01,KHC,32.4,20796482
2019-03-04,XRAY,48.69,3475519
2019-03-04,ALXN,136.08,1501816
2019-03-04,MYL,28.08,10429928
2019-03-04,ABMD,338.2,374899
2019-03-04,BMY,53.05,20482235
2019-03-04,KMI,19.85,17956636
2019-03-04,MKTX,237.56,250470
2019-03-04,NLSN,27.18,5594094
2019-03-04,NBL,23.63,8705042
2019-03-04,HAS,88.66,1374952
2019-03-05,PHM,26.88,5769030
2019-03-05,NBL,23.58,5816689
2019-03-05,DISH,31.14,4322858
2019-03-05,MYL,27.39,7546523
2019-03-05,DHI,39.15,6495165
2019-03-05,WAB,73.05,2547708
2019-03-05,NVR,2639.25,22555
2019-03-05,FB,171.26,28171301
2019-03-05,NEM,34.5,8591138
2019-03-05,KR,28.92,8543852
2019-03-06,KSS,70.02,4164149
2019-03-06,HOG,38.18,1888970
2019-03-06,FB,172.51,21506222
2019-03-06,TSN,63.54,2526143
2019-03-06,UNH,239.07,4875949
2019-03-06,KIM,17.24,2668412
2019-03-06,BKNG,1751.62,619797
2019-03-06,EXR,97.25,622512
2019-03-06,TWTR,30.8,10937815
2019-03-06,AES,17.58,8831490
2019-03-07,LYB,87.11,3067715
2019-03-07,DLTR,103.16,5264743
2019-03-07,MO,54.74,20088931
2019-03-07,DISH,32.17,3370219
2019-03-07,NVR,2751.72,41295
2019-03-07,NFLX,352.6,6138065
2019-03-07,QCOM,54.03,13650984
2019-03-07,CPRI,44.7,3875021
2019-03-07,AKAM,70.47,1353205
2019-03-07,TRIP,51.05,3296631
2019-03-08,AGN,145.06,3993809
2019-03-08,EA,98.36,7349584
2019-03-08,GE,9.58,87510628
2019-03-08,DLTR,102.4,2331548
2019-03-08,LEN,47.73,3724334
2019-03-08,DHI,40.4,6105130
2019-03-08,CTL,12.3,15534139
2019-03-08,HRB,24.95,4269170
2019-03-08,KR,24.47,19716170
2019-03-08,NVR,2710,15373
2019-03-11,MU,39.03,25157425
2019-03-11,HRB,24.87,3012253
2019-03-11,NVDA,161.14,21492156
2019-03-11,STX,48.63,4601013
2019-03-11,WDC,49.66,6309475
2019-03-11,AMD,22.96,54395764
2019-03-11,GE,9.9,106044189
2019-03-11,GS,195.97,2666493
2019-03-11,SNPS,105.41,1475717
2019-03-11,LRCX,172.01,2029702
2019-03-12,BA,375.41,36844139
2019-03-12,NVDA,162.52,14489368
2019-03-12,ALGN,250.84,1592539
2019-03-12,GE,9.76,99363433
2019-03-12,STX,48.08,4013286
2019-03-12,WDC,49.15,4828005
2019-03-12,VLO,83.85,5009660
2019-03-12,AMD,23.49,56398943
2019-03-12,UTX,124.67,3844164
2019-03-12,LUV,50.4,8763752
2019-03-13,ALGN,252.13,1085728
2019-03-13,NEM,34.41,17024649
2019-03-13,DVN,29.33,9233893
2019-03-13,WHR,141.1,1256290
2019-03-13,FANG,103.42,2118768
2019-03-13,NRG,43.06,5460700
2019-03-13,FITB,27.98,6598094
2019-03-13,KMX,60.87,1765802
2019-03-13,APA,34.32,3730420
2019-03-13,HCA,130.82,1584527
2019-03-14,TTWO,92.43,3808266
2019-03-14,DVA,53.58,1996735
2019-03-14,WCG,241.41,788863
2019-03-14,GE,10.3,133845962
2019-03-14,LB,26.23,4567576
2019-03-14,NVDA,165.56,12984630
2019-03-14,HPQ,19.64,18527234
2019-03-14,ALK,55.49,2204117
2019-03-14,HUM,279.82,806494
2019-03-14,CNC,59.38,2631931
2019-03-15,LRCX,182.39,6121588
2019-03-15,SCHW,45.45,7283865
2019-03-15,LKQ,27.86,4647305
2019-03-15,DISCK,25.9,4878157
2019-03-15,NTRS,94.92,2082356
2019-03-15,CXO,103.55,2102618
2019-03-15,INTU,258.13,3494305
2019-03-15,VMC,112.59,1256497
2019-03-15,MYL,28.09,9700756
2019-03-15,FITB,28.32,9779844
2019-03-18,ULTA,342.22,946947
2019-03-18,ORCL,53.46,21935198
2019-03-18,AMP,130.36,1240485
2019-03-18,QCOM,56.83,12875118
2019-03-18,NBL,23.8,4333425
2019-03-18,NTAP,66.91,3941834
2019-03-18,BEN,33.7,3077246
2019-03-18,AMAT,40,7656755
2019-03-18,HPE,15.84,11510923
2019-03-18,TXN,109.81,4399165
2019-03-19,NOV,28.16,5116351
2019-03-19,AAP,163.42,1359421
2019-03-19,EOG,92.88,7033589
2019-03-19,CXO,106.5,1080967
2019-03-19,HP,55.6,1123028
2019-03-19,NWL,15.87,6938542
2019-03-19,HAL,29.26,13377779
2019-03-19,NBL,24,6785936
2019-03-19,FDX,181.41,4274818
2019-03-19,RL,124.81,952057
2019-03-20,AMD,25.7,151083388
2019-03-20,CI,167.87,2314823
2019-03-20,DVA,53.71,1818365
2019-03-20,LB,27.55,4239022
2019-03-20,AGN,153.67,2374937
2019-03-20,ATVI,46.16,14270416
2019-03-20,AVGO,291.03,4126442
2019-03-20,NVDA,174.4,17974269
2019-03-20,ABMD,339.66,411004
2019-03-20,COTY,11.39,14697297
2019-03-21,NFLX,377.87,8538382
2019-03-21,PXD,145.59,1436502
2019-03-21,TWTR,32.61,13342165
2019-03-21,DVN,31.65,6864013
2019-03-21,NBL,24.94,4103125
2019-03-21,CXO,109.91,925740
2019-03-21,HES,60.8,2210508
2019-03-21,MRO,17.69,12806768
2019-03-21,EOG,96.87,5387278
2019-03-21,HAL,30.04,9167683
2019-03-22,EA,102.34,7151240
2019-03-22,AMD,26.37,115200988
2019-03-22,WDC,48.39,8669320
2019-03-22,ALGN,269.62,1237954
2019-03-22,MU,41.62,46579159
2019-03-22,ATVI,46.87,11117692
2019-03-22,STX,46.93,3012587
2019-03-22,CAG,26.45,16792207
2019-03-22,NVDA,177.5,18684122
2019-03-22,SWKS,82.59,2198518
2019-03-25,TIF,102.8,2351744
2019-03-25,VZ,60.08,15463297
2019-03-25,SJM,115.93,1409450
2019-03-25,CAG,27.36,13784570
2019-03-25,TWTR,32.59,15255709
2019-03-25,NVR,2832.78,14126
2019-03-25,CPB,38.28,2059591
2019-03-25,NEM,34.9,26184389
2019-03-25,PHM,27.21,3452043
2019-03-25,CBOE,95.25,823599
2019-03-26,LEN,49.71,6428977
2019-03-26,CAG,27.12,7975712
2019-03-26,KSS,68.9,2432528
2019-03-26,DHI,41.59,5674472
2019-03-26,PHM,27.38,2860095
2019-03-26,LB,27.93,4845174
2019-03-26,MLM,196.74,580793
2019-03-26,RL,122.27,655229
2019-03-26,BKNG,1768.87,462426
2019-03-26,FTI,23.43,5604137
2019-03-27,BIIB,229.95,4041412
2019-03-27,PRGO,47.83,850004
2019-03-27,NEM,35.71,11170925
2019-03-27,ALXN,134.6,1106314
2019-03-27,DISH,31.33,2053621
2019-03-27,ADS,171.06,722583
2019-03-27,WRK,37.56,3282272
2019-03-27,F,8.62,39895394
2019-03-27,VRTX,185.82,1181095
2019-03-27,ZION,44.87,2302330
2019-03-28,CNC,52.82,9467887
2019-03-28,PHM,28.3,6267271
2019-03-28,PXD,152.91,3244989
2019-03-28,GPS,26.11,5350016
2019-03-28,LUV,50.45,7368953
2019-03-28,HII,205.11,199338
2019-03-28,AAL,30.9,6657591
2019-03-28,DLTR,103.47,1332470
2019-03-28,JWN,44.32,3693366
2019-03-28,WCG,268.21,2752366
2019-03-29,CXO,110.96,1363127
2019-03-29,PXD,152.28,2913655
2019-03-29,HP,55.56,1234926
2019-03-29,WY,26.34,4707581
2019-03-29,FTI,23.52,3800966
2019-03-29,WCG,269.75,1417337
2019-03-29,CHD,71.23,2659095
2019-03-29,HAL,29.3,7680247
2019-03-29,DVN,31.56,6527447
2019-03-29,SLB,43.57,7985019
2019-04-01,KMX,69.07,3624598
2019-04-01,WDC,49.31,6573811
2019-04-01,STX,48.43,3868072
2019-04-01,MU,42.25,27940408
2019-04-01,LUV,52.41,6312838
2019-04-01,SBAC,197.91,1041178
2019-04-01,BMY,47.09,21239705
2019-04-01,AAL,32.35,7436979
2019-04-01,NTAP,70.38,1966254
2019-04-01,TSCO,97.49,1979009
2019-04-02,IPGP,162.27,465706
2019-04-02,WYNN,135.03,5558774
2019-04-02,MCHP,87.72,4064526
2019-04-02,LNC,61.12,1650864
2019-04-02,ADSK,164.35,1903983
2019-04-02,BWA,40.71,2158802
2019-04-02,DISH,33.22,1878198
2019-04-02,WRK,38.95,1943094
2019-04-02,GWW,311.27,442059
2019-04-02,MET,43.93,5029275
2019-04-03,WYNN,137.63,4216990
2019-04-03,ABBV,83.08,6083698
2019-04-03,LYB,90.58,3455961
2019-04-03,ALXN,139.99,1699326
2019-04-03,FB,173.54,27590058
2019-04-03,FFIV,166.71,611955
2019-04-03,WDC,52.01,8236710
2019-04-03,ABMD,284.94,576153
2019-04-03,LVS,64.17,4425711
2019-04-03,ALGN,289.27,1270522
2019-04-04,NLSN,26.25,6400778
2019-04-04,AMD,29.09,82164944
2019-04-04,LRCX,191.03,2142392
2019-04-04,CTXS,100.01,3837800
2019-04-04,NVDA,188.26,11434100
2019-04-04,MXIM,56.93,1230199
2019-04-04,HD,200.45,3138862
2019-04-04,DAL,57.22,8997112
2019-04-04,AMAT,42.62,8472010
2019-04-04,NTAP,71.49,2317064
2019-04-05,STZ,193.3,4638150
2019-04-05,M,25.49,11619629
2019-04-05,DOW,57.24,16997823
2019-04-05,PRGO,50.46,1639306
2019-04-05,FCX,13.33,14639701
2019-04-05,DISCA,29.48,4463941
2019-04-05,DISCK,27.61,2348570
2019-04-05,PVH,127.26,1385360
2019-04-05,CPRI,48.09,2888301
2019-04-05,PHM,28.94,2663137
2019-04-08,APA,35.56,3383986
2019-04-08,EOG,99.48,4985143
2019-04-08,CNC,56.64,8552864
2019-04-08,MPC,63.36,7351279
2019-04-08,DVN,32.03,5412293
2019-04-08,HES,63.08,4153280
2019-04-08,HOG,40.29,2900686
2019-04-08,MRO,17.6,9828572
2019-04-08,XEC,69.32,1149043
2019-04-08,NBL,25.47,5591560
2019-04-09,FTNT,87.31,1800091
2019-04-09,SLB,45.58,7577273
2019-04-09,COG,27.14,9108405
2019-04-09,ANET,317.19,442121
2019-04-09,FCX,13.38,15999926
2019-04-09,MSCI,211.89,515667
2019-04-09,AAPL,199.5,35700516
2019-04-09,APTV,87.51,1503376
2019-04-09,MU,41.72,29048859
2019-04-09,MKTX,258.99,191546
2019-04-10,MNST,54.97,5641444
2019-04-10,CNC,57.29,9563770
2019-04-10,CPB,39.13,2936334
2019-04-10,TRIP,53.37,873017
2019-04-10,FTNT,89.62,2777410
2019-04-10,CI,168.2,2082466
2019-04-10,NLSN,26.54,2269731
2019-04-10,NOW,243.66,1241468
2019-04-10,FE,40.83,4799699
2019-04-10,SJM,119.07,930010
2019-04-11,CAG,29.78,6692815
2019-04-11,KR,25.74,18409084
2019-04-11,HFC,50.48,2300208
2019-04-11,VLO,89.04,3682292
2019-04-11,REGN,393.48,842646
2019-04-11,DISH,34.72,1354076
2019-04-11,NOV,29.33,4931600
2019-04-11,CPRI,48.06,2203255
2019-04-11,ILMN,328.52,887750
2019-04-11,BWA,42.77,1327516
2019-04-12,URI,126.74,1426506
2019-04-12,KR,25.68,9867218
2019-04-12,HII,219.28,329432
2019-04-12,AAL,34.69,4610524
2019-04-12,DHI,45.35,10706874
2019-04-12,NOV,26.87,9527492
2019-04-12,UNM,37.08,2896366
2019-04-12,NOC,283.05,1108892
2019-04-12,PNR,40.06,2258341
2019-04-12,WHR,139.88,865415
2019-04-15,EIX,65.2,4503811
2019-04-15,DOW,57.78,5725194
2019-04-15,EOG,102.12,6025655
2019-04-15,FTNT,95.22,2523104
2019-04-15,PNC,131.06,2005707
2019-04-15,PXD,167.74,3386542
2019-04-15,ADS,164.04,3057928
2019-04-15,BAC,29.84,57319977
2019-04-15,BWA,43.88,1060359
2019-04-15,ILMN,335.12,1126900
2019-04-16,ANTM,245.13,6389542
2019-04-16,NOV,27.18,3521919
2019-04-16,FTNT,94.05,2184680
2019-04-16,ULTA,355.08,682236
2019-04-16,DLTR,106.31,1212438
2019-04-16,MNST,54.2,4218883
2019-04-16,WFC,47.65,25189567
2019-04-16,CXO,115.89,1383226
2019-04-16,SLB,47.34,7654686
2019-04-16,COST,245.34,1358969
2019-04-17,QCOM,79.08,155136191
2019-04-17,PGR,76.16,3274215
2019-04-17,FCX,14.2,31689704
2019-04-17,BLK,467.49,627329
2019-04-17,OMC,83.8,3650928
2019-04-17,SWKS,91.18,3058948
2019-04-17,C,70.35,20501201
2019-04-17,CMA,79.26,1801131
2019-04-17,MTB,168.48,562632
2019-04-17,VFC,95.5,5276652
2019-04-18,GS,205.91,2873670
2019-04-18,CBOE,101.26,643460
2019-04-18,FOX,37.92,2315174
2019-04-18,USB,51.21,8816385
2019-04-18,FOXA,38.44,4737088
2019-04-18,JPM,113.46,12495114
2019-04-18,VFC,95.55,2354209
2019-04-18,OMC,82.3,3979424
2019-04-18,AAPL,203.86,24128389
2019-04-18,CME,176.36,2019936
2019-04-22,CF,44.95,3035934
2019-04-22,HCA,115,3140786
2019-04-22,HUM,242.6,1578192
2019-04-22,TAP,61.16,1892208
2019-04-22,STZ,205.46,2197015
2019-04-22,TDG,467.33,338873
2019-04-22,CNC,48.08,8424809
2019-04-22,BLL,58.71,1441937
2019-04-22,GE,9.32,67114770
2019-04-22,CAH,45.26,2778557
2019-04-23,NFLX,381.89,10088139
2019-04-23,MRO,18.68,12840974
2019-04-23,NVR,3215,42401
2019-04-23,ALGN,296.08,1572182
2019-04-23,STZ,207.48,2256775
2019-04-23,DVN,34.6,6277178
2019-04-23,VLO,90.28,4230986
2019-04-23,QCOM,86.72,56912659
2019-04-23,HFC,48.59,2700474
2019-04-23,KMI,20.08,14768178
2019-04-24,DGX,94.76,2239268
2019-04-24,TWTR,39.29,30266407
2019-04-24,KSS,73.28,5363625
2019-04-24,ZION,48.4,1955924
2019-04-24,CNC,50.2,7281440
2019-04-24,WAT,207.54,1513523
2019-04-24,LH,153.96,790754
2019-04-24,UHS,130.31,1732356
2019-04-24,VRTX,172.58,1164516
2019-04-24,DVA,54.03,1596223
2019-04-25,APH,100.63,1558654
2019-04-25,DISCK,28.56,2775481
2019-04-25,TEL,95.51,1753483
2019-04-25,ABMD,268.13,600058
2019-04-25,FLIR,52.03,2776313
2019-04-25,OXY,61.84,16502637
2019-04-25,MCO,193.23,950758
2019-04-25,HCA,124.56,1425529
2019-04-25,TXN,117.17,5315369
2019-04-25,LB,25.9,2990413
2019-04-26,CINF,94.19,914997
2019-04-26,BSX,37.38,9620967
2019-04-26,FFIV,159.87,499590
2019-04-26,ALXN,134.57,1498377
2019-04-26,VLO,90.08,3004929
2019-04-26,VAR,134.28,653154
2019-04-26,TMO,273.22,1549904
2019-04-26,HFC,48.56,2010628
2019-04-26,WAT,214.23,524316
2019-04-26,MNST,59.65,5410351
2019-04-29,ALGN,317.5,1213355
2019-04-29,NOV,27.75,3317091
2019-04-29,NWL,14.42,5651274
2019-04-29,GE,9.73,65666971
2019-04-29,FTV,85.85,2122129
2019-04-29,CNC,52.26,8965837
2019-04-29,F,10.32,62497122
2019-04-29,DISCA,31.63,4567655
2019-04-29,COF,92.38,2466312
2019-04-29,ANTM,266.29,2247955
2019-04-30,ADM,44.6,7346653
2019-04-30,TWTR,39.91,22927046
2019-04-30,JNPR,27.77,3400812
2019-04-30,MHK,136.25,1406216
2019-04-30,FOX,38.5,1809512
2019-04-30,TPR,32.27,4357665
2019-04-30,BK,49.66,6348739
2019-04-30,XRX,33.36,2883168
2019-04-30,FB,193.4,23493336
2019-04-30,ETFC,50.66,2057671
2019-05-01,LDOS,72.85,1377610
2019-05-01,IPGP,170.84,547001
2019-05-01,WDC,50.8,7446803
2019-05-01,WRK,37.99,2189207
2019-05-01,KSU,122.4,760728
2019-05-01,LH,161.16,1190639
2019-05-01,ADM,44.07,5399652
2019-05-01,GLW,32.31,8176402
2019-05-01,XLNX,116.64,4830993
2019-05-01,CLX,148.16,4162139
2019-05-02,CHRW,83.42,3729884
2019-05-02,SPG,177.8,1644148
2019-05-02,EXR,106.46,1075274
2019-05-02,VRTX,169.54,1209837
2019-05-02,INCY,80.94,1947424
2019-05-02,WAB,74.98,12133440
2019-05-02,CI,158.22,4867240
2019-05-02,HLT,91.23,2553962
2019-05-02,PRGO,49.08,1143549
2019-05-02,RCL,125.77,1802433
2019-05-03,ABMD,271.75,1075946
2019-05-03,APTV,80.18,1468874
2019-05-03,AMD,28.22,55421132
2019-05-03,XYL,82.29,1156305
2019-05-03,CNC,52.59,9995049
2019-05-03,BLL,61.54,2415817
2019-05-03,TFX,300.36,399741
2019-05-03,IDXX,250.47,852338
2019-05-03,ALB,77.05,1514955
2019-05-03,MCK,123.48,1759271
2019-05-06,NWL,15.98,8264315
2019-05-06,ANET,273.31,2337761
2019-05-06,COTY,12.14,34460961
2019-05-06,DISH,34.71,2385835
2019-05-06,CXO,107.9,2363135
2019-05-06,IDXX,251.88,513832
2019-05-06,RCL,129.17,1223699
2019-05-06,INCY,85,1219944
2019-05-06,ILMN,324.76,891329
2019-05-06,XRAY,54.73,2003706
2019-05-07,CNC,55.85,17145953
2019-05-07,COTY,12.25,32084997
2019-05-07,UNH,238.05,5101310
2019-05-07,CI,155.16,2350600
2019-05-07,ATVI,46.68,7918512
2019-05-07,ANTM,264.89,1473442
2019-05-07,HCA,126.51,1859495
2019-05-07,CME,178.11,2517842
2019-05-07,TRIP,54.94,3522923
2019-05-07,INCY,83.23,1842239
2019-05-08,RE,241.89,572598
2019-05-08,NEM,30.2,8982799
2019-05-08,VMC,128.55,1128622
2019-05-08,OXY,60.21,17378630
2019-05-08,EOG,94.03,3923853
2019-05-08,COTY,11.58,27052990
2019-05-08,MCK,131.7,3147228
2019-05-08,KMI,19.67,12799232
2019-05-08,APTV,79.72,1831215
2019-05-08,HSIC,68.71,3071595
2019-05-09,FLT,266.19,722850
2019-05-09,CXO,110.92,1827816
2019-05-09,FANG,108.24,3514963
2019-05-09,PXD,153.4,1494303
2019-05-09,WU,19.2,10747434
2019-05-09,MCK,134.6,2057761
2019-05-09,MGM,25.55,8296645
2019-05-09,REGN,324.17,864067
2019-05-09,AMD,27.21,73023887
2019-05-09,EOG,94.24,3395233
2019-05-10,MYL,22.17,7785150
2019-05-10,CAH,48.85,3289935
2019-05-10,FISV,85.23,2646670
2019-05-10,HP,57.47,1131149
2019-05-10,FANG,107.89,2279851
2019-05-10,NOW,274.9,1754434
2019-05-10,NVR,3290.79,19912
2019-05-10,TMUS,75.23,3359440
2019-05-10,GD,173.08,1253863
2019-05-10,APA,31.22,4256709
2019-05-13,LIN,180.68,2328479
2019-05-13,AMD,26.24,98987119
2019-05-13,NWSA,11.46,3219691
2019-05-13,BLL,64.41,2883610
2019-05-13,QCOM,83.89,16649965
2019-05-13,TROW,101.13,1602145
2019-05-13,MMC,94.7,4260935
2019-05-13,WCG,272.25,937706
2019-05-13,MSI,143.23,1198277
2019-05-13,WEC,79.86,2090854
2019-05-14,AWK,109.84,1063789
2019-05-14,COTY,12.12,18442059
2019-05-14,EXR,106.63,1241927
2019-05-14,EL,167,1850539
2019-05-14,CNP,29.78,8547111
2019-05-14,WELL,78.08,1589763
2019-05-14,AEP,85.56,2402697
2019-05-14,CNC,54.74,16411030
2019-05-14,NWL,15.28,4734196
2019-05-14,EIX,59.85,1591840
2019-05-15,EA,96.77,4694707
2019-05-15,GE,10.26,53702982
2019-05-15,FLT,264.18,611194
2019-05-15,NOW,273.96,1283971
2019-05-15,LNC,63.78,1719271
2019-05-15,UAA,21.36,4220616
2019-05-15,AMD,27.58,55498507
2019-05-15,WDC,45.49,4358284
2019-05-15,UA,18.95,2168517
2019-05-15,MRO,15.43,7125027
2019-05-16,COTY,13.24,10866751
2019-05-16,PGR,77.85,2772819
2019-05-16,TTWO,107.55,1663441
2019-05-16,GOOGL,1184.5,1765187
2019-05-16,GOOG,1178.98,1531197
2019-05-16,ATVI,47.29,5798227
2019-05-16,HUM,242.22,1436877
2019-05-16,NFLX,359.31,6439698
2019-05-16,TWTR,38.3,10104346
2019-05-16,HPQ,18.94,7430468
2019-05-17,MTD,726.42,184499
2019-05-17,CSCO,56.35,27298823
2019-05-17,MPC,51.95,6238835
2019-05-17,NOC,306.69,1172252
2019-05-17,TDG,457.75,415904
2019-05-17,FTNT,82.62,1273911
2019-05-17,NTAP,69.09,1912724
2019-05-17,A,69.11,3935606
2019-05-17,PYPL,112.8,4511753
2019-05-17,AMD,27.5,64810782
2019-05-20,UAA,23.74,8653781
2019-05-20,UA,20.86,4044627
2019-05-20,HUM,250.03,1632984
2019-05-20,CTSH,59.99,10895434
2019-05-20,CNC,55.51,6969423
2019-05-20,UNH,245.99,5386644
2019-05-20,COTY,13.5,9477809
2019-05-20,FOXA,37.14,3669804
2019-05-20,FOX,36.68,996354
2019-05-20,BDX,229.36,1567991
2019-05-21,ABC,80.57,1910016
2019-05-21,NOC,316.24,1385343
2019-05-21,FTI,23.52,3508291
2019-05-21,CAH,46.9,3570328
2019-05-21,UNH,249.94,5343311
2019-05-21,HPE,15.25,11138105
2019-05-21,CERN,70.15,3619017
2019-05-21,HCA,128.21,1683635
2019-05-21,CRM,155.78,3803479
2019-05-21,DRI,124.78,1697101
2019-05-22,DISH,34.87,1852593
2019-05-22,XEC,68.59,1653956
2019-05-22,LOW,97.94,22703638
2019-05-22,ANTM,277.14,1538028
2019-05-22,APA,29.49,3697589
2019-05-22,COG,26.6,7092530
2019-05-22,DVN,29.31,4706849
2019-05-22,M,21.85,10946280
2019-05-22,AIZ,100.26,697550
2019-05-22,ANET,253.14,848405
2019-05-23,VFC,84.09,3232659
2019-05-23,REGN,315.26,934409
2019-05-23,TWTR,37.19,18401080
2019-05-23,MSI,150.48,1806950
2019-05-23,ILMN,308.97,707534
2019-05-23,ADI,98.73,3386534
2019-05-23,HAS,97.93,1476768
2019-05-23,UAA,23.46,5274486
2019-05-23,VRTX,173.01,1272756
2019-05-23,AZO,1034.82,284969
2019-05-24,LB,24.84,6241961
2019-05-24,HRL,40.27,5651450
2019-05-24,CPRT,70.99,2026986
2019-05-24,INTC,44.57,27164916
2019-05-24,INCY,81.75,1465863
2019-05-24,QRVO,62.3,3575245
2019-05-24,ANET,255.94,875074
2019-05-24,CAG,28.83,2990947
2019-05-24,AES,16.5,5519248
2019-05-24,TGT,81.57,7843262
2019-05-28,HRL,38.86,7067616
2019-05-28,ABMD,269.4,834685
2019-05-28,HPQ,19.66,17343721
2019-05-28,CTL,10.13,17096056
2019-05-28,INTU,255.7,3058955
2019-05-28,TGT,80.77,6522880
2019-05-28,MHK,141.45,1020090
2019-05-28,WAB,65.98,2427996
2019-05-28,BSX,38.45,14469004
2019-05-28,CNC,56.09,8179051
2019-05-29,AMD,28.09,99953991
2019-05-29,CMG,667.97,571313
2019-05-29,DISCA,27.47,3593430
2019-05-29,BWA,36.09,1902215
2019-05-29,FB,182.19,12797281
2019-05-29,DISCK,25.7,3462388
2019-05-29,DISH,34.87,1993297
2019-05-29,PYPL,110.08,8161645
2019-05-29,EL,164.05,1529560
2019-05-29,EFX,122.34,1000101
2019-05-30,HP,50.18,1018529
2019-05-30,STX,43.92,3598582
2019-05-30,QRVO,61.87,1259597
2019-05-30,MU,33.32,20951984
2019-05-30,DE,141.68,3110717
2019-05-30,DVN,25.78,8204248
2019-05-30,FMC,73.33,885946
2019-05-30,MXIM,53.14,1266282
2019-05-30,CTL,10.7,28062758
2019-05-30,MCHP,81.34,3206757
2019-05-31,SBAC,216.41,993751
2019-05-31,GPN,154.04,2893193
2019-05-31,CTL,10.45,18338868
2019-05-31,ROST,92.99,2525170
2019-05-31,DLTR,101.59,3473517
2019-05-31,ROL,37.57,1350948
2019-05-31,CF,40.24,2460906
2019-05-31,VRTX,166.18,982523
2019-05-31,DG,127.28,2892935
2019-05-31,ABMD,261.92,513316
2019-06-03,GPS,18.79,12776974
2019-06-03,ULTA,330.6,1023569
2019-06-03,MKTX,294.22,425546
2019-06-03,DLTR,100.69,2236120
2019-06-03,COO,301.76,358477
2019-06-03,DISH,35.53,3508981
2019-06-03,PVH,87.72,3328984
2019-06-03,MOS,22.03,6022352
2019-06-03,NLSN,22.89,3877686
2019-06-03,SEE,42.42,1939715
2019-06-04,DD,74.11,12732967
2019-06-04,CPRI,35.4,4787726
2019-06-04,LYB,82.05,5669988
2019-06-04,BWA,38.34,2163251
2019-06-04,NWL,14.63,5344352
2019-06-04,DVA,47,2353995
2019-06-04,APTV,70.51,3173175
2019-06-04,EMN,71.29,2069688
2019-06-04,NUE,50.15,3760398
2019-06-04,UAA,24.7,6535458
2019-06-05,CTVA,28.01,10707582
2019-06-05,WYNN,110.46,2050194
2019-06-05,XRX,33.42,1855130
2019-06-05,MGM,25.96,7044196
2019-06-05,WHR,125.59,545611
2019-06-05,WRK,35.88,2728594
2019-06-05,TRIP,45.05,980203
2019-06-05,AAL,30.36,8711629
2019-06-05,NWL,14.82,4662897
2019-06-05,URI,119.38,1120336
2019-06-06,MKTX,326.86,447787
2019-06-06,CPB,43.01,5299745
2019-06-06,UAA,25.68,4595480
2019-06-06,EIX,63.48,2294976
2019-06-06,UA,22.53,2103067
2019-06-06,MSCI,237.58,635898
2019-06-06,NDAQ,95.89,601058
2019-06-06,KIM,18.35,3956019
2019-06-06,PLD,78.14,1538775
2019-06-06,HFC,40.07,2200706
2019-06-07,AMD,32.41,86826993
2019-06-07,IFF,151.32,1335362
2019-06-07,FTI,22.58,3348906
2019-06-07,SHW,473.98,966104
2019-06-07,COTY,13.52,5344415
2019-06-07,CTL,10.54,8045508
2019-06-07,MKTX,334.61,628652
2019-06-07,CPB,43.08,3612555
2019-06-07,AES,16.7,3811496
2019-06-07,APA,28.95,4069044
2019-06-10,ILMN,337.12,1067252
2019-06-10,FLT,266.22,923211
2019-06-10,URI,123.59,1032481
2019-06-10,TWTR,37.64,10006172
2019-06-10,ISRG,509.72,1466911
2019-06-10,WY,24.11,7681144
2019-06-10,KEYS,82.36,1641586
2019-06-10,ATVI,46.01,6404568
2019-06-10,PHM,32.73,2554976
2019-06-10,MNST,65.75,3033253
2019-06-11,M,21.92,9291188
2019-06-11,WYNN,118.15,1954817
2019-06-11,SWKS,73.97,2894394
2019-06-11,MGM,27.97,7279945
2019-06-11,AMAT,43.75,10534730
2019-06-11,NCLH,53.59,1775943
2019-06-11,KLAC,114.23,1498038
2019-06-11,FLT,266.72,788104
2019-06-11,QCOM,71.24,11839281
2019-06-11,LVS,58.69,3877171
2019-06-12,CTL,10.77,12742055
2019-06-12,GIS,52.61,3152384
2019-06-12,DISCK,27.21,2045947
2019-06-12,RF,14.24,11328368
2019-06-12,DISCA,29.23,2551571
2019-06-12,M,21.45,8993985
2019-06-12,SLB,35.58,12259278
2019-06-12,ALB,72.18,1366409
2019-06-12,K,56.22,2088011
2019-06-12,MO,51.59,6690444
2019-06-13,ALXN,117.24,1893376
2019-06-13,FOX,34.94,1315405
2019-06-13,WY,25.28,5326653
2019-06-13,FOXA,35.29,4384777
2019-06-13,LLY,111.82,8477125
2019-06-13,EBAY,39,9100726
2019-06-13,CF,45.14,3260194
2019-06-13,AES,16.86,3036455
2019-06-13,EXC,50.17,3780176
2019-06-13,CHRW,83.57,1404667
2019-06-14,AAL,32.68,6127653
2019-06-14,HUM,251.83,966549
2019-06-14,UAL,87.12,1652511
2019-06-14,CTL,11.1,9679619
2019-06-14,WHR,135.68,744077
2019-06-14,M,21.56,9284501
2019-06-14,TPR,29.54,3581429
2019-06-14,DIS,141.65,11121474
2019-06-14,COTY,13.58,2633972
2019-06-14,LB,22.51,5475465
2019-06-17,TROW,105.05,808328
2019-06-17,AVGO,265.97,3578439
2019-06-17,HD,206.98,4620175
2019-06-17,MCHP,81.23,1951135
2019-06-17,CF,46.53,2971241
2019-06-17,NVR,3430,22096
2019-06-17,UA,23.52,1413759
2019-06-17,VTR,68.6,3607077
2019-06-17,INCY,81.84,2414457
2019-06-17,UAA,26.69,4589741
2019-06-18,NBL,20.35,7319362
2019-06-18,INCY,84.28,1954686
2019-06-18,DVN,26.9,5801438
2019-06-18,CXO,104.9,1960665
2019-06-18,HAL,22.22,12884442
2019-06-18,MRO,13.67,11842076
2019-06-18,NWSA,12.89,7611668
2019-06-18,DISH,39.1,6265902
2019-06-18,FANG,104.54,1416653
2019-06-18,XEC,56.58,1274014
2019-06-19,JBHT,89.5,759883
2019-06-19,XLNX,111.84,2631884
2019-06-19,NWSA,13.37,6237105
2019-06-19,CTVA,27.15,10228762
2019-06-19,LVS,58.98,3386746
2019-06-19,BA,368.56,5714665
2019-06-19,QRVO,65.59,923007
2019-06-19,MU,33.94,20436384
2019-06-19,RF,14.57,12879046
2019-06-19,AGN,128.16,6971079
2019-06-20,IQV,154.52,1865583
2019-06-20,AGN,130.82,3850023
2019-06-20,MKTX,331.36,388969
2019-06-20,NWSA,13.56,4299535
2019-06-20,NWS,13.95,1154557
2019-06-20,ULTA,358.34,743475
2019-06-20,CDNS,72.67,3026736
2019-06-20,JWN,33.21,5427966
2019-06-20,KHC,31.13,8706185
2019-06-20,TMUS,77.93,3338862
2019-06-21,CCL,46.63,12982527
2019-06-21,DRI,121.23,2277552
2019-06-21,ALXN,132.39,3356717
2019-06-21,NBL,21.56,6055431
2019-06-21,HFC,44.12,3816613
2019-06-21,ADBE,299.33,4015071
2019-06-21,KR,22.24,26303578
2019-06-21,MPC,52.66,11667000
2019-06-21,SLB,38.88,16111120
2019-06-21,DD,74.64,5420447
2019-06-24,HUM,267.28,1196700
2019-06-24,EIX,65.55,2417588
2019-06-24,PVH,92.63,1243969
2019-06-24,LB,24.47,4330029
2019-06-24,PM,77.83,6903768
2019-06-24,ALXN,126.98,1968987
2019-06-24,EA,99,5064787
2019-06-24,WFC,46.27,21839753
2019-06-24,RL,116.94,871553
2019-06-24,PRGO,44.16,858775
2019-06-25,EA,96.9,3317912
2019-06-25,ATVI,46.2,8619210
2019-06-25,CTVA,27.67,6688092
2019-06-25,RCL,116.04,1605325
2019-06-25,DOW,49.69,3932562
2019-06-25,MAS,38.4,2981801
2019-06-25,NEM,37.94,13462677
2019-06-25,WDC,41.1,5719962
2019-06-25,TSN,79.97,6781839
2019-06-25,STX,46.21,3257752
2019-06-26,LW,63,2278815
2019-06-26,HCA,133.66,2017814
2019-06-26,CAG,28.93,5939202
2019-06-26,AMCR,11.51,9304790
2019-06-26,WBA,52.38,5948866
2019-06-26,MYL,18.66,5748429
2019-06-26,COTY,13.12,5803992
2019-06-26,GM,38.13,11811501
2019-06-26,DVA,54.84,2183976
2019-06-26,BIIB,238.07,1866097
2019-06-27,CTVA,29.57,5868856
2019-06-27,INFO,63.1,2656667
2019-06-27,MPC,54.37,7696207
2019-06-27,HES,64.29,2115608
2019-06-27,VLO,83.93,2408023
2019-06-27,MU,38.07,51560182
2019-06-27,LB,26.32,9310856
2019-06-27,COP,61.27,6004527
2019-06-27,NWL,15.19,3352238
2019-06-27,UPS,101.7,2613418
2019-06-28,MKC,155.01,3212105
2019-06-28,LB,26.1,7266037
2019-06-28,CTL,11.76,18658788
2019-06-28,ROL,35.87,3634475
2019-06-28,MU,38.59,61369736
2019-06-28,XLNX,117.92,4519177
2019-06-28,TRIP,46.29,1373675
2019-06-28,MAC,33.49,2450298
2019-06-28,ABBV,72.72,21361199
2019-06-28,NVR,3370.25,25607
2019-07-01,WDC,49.65,10766771
2019-07-01,CAG,26.9,6644397
2019-07-01,WAB,73.36,1834530
2019-07-01,NOV,22.23,6129427
2019-07-01,ALXN,131.28,1182528
2019-07-01,NCLH,52.82,2553999
2019-07-01,ABBV,73.4,17750905
2019-07-01,EIX,67.06,2003764
2019-07-01,NRG,35.43,4039341
2019-07-01,ILMN,370.67,940029
2019-07-02,INFO,64.66,1800624
2019-07-02,MNST,64.65,1658942
2019-07-02,CBOE,108.47,699201
2019-07-02,AIZ,108.82,678927
2019-07-02,BBY,71.64,2112055
2019-07-02,TWTR,36.22,8373016
2019-07-02,AJG,90.33,1037766
2019-07-02,VAR,139.79,703532
2019-07-02,ORCL,58.46,17521944
2019-07-02,AVY,119.44,635221
2019-07-03,COTY,11.67,3325648
2019-07-03,IPG,23.16,1913496
2019-07-03,ADS,146.81,510026
2019-07-03,IRM,31.97,1291367
2019-07-03,WELL,85.27,1214575
2019-07-03,ORLY,386.22,485921
2019-07-03,NDAQ,101.42,1228843
2019-07-03,MKTX,338.5,293423
2019-07-03,WYNN,133.38,1193572
2019-07-03,VZ,58.13,9268769
2019-07-05,K,55.77,4439244
2019-07-05,CAG,28.06,4235821
2019-07-05,LB,27.79,4446929
2019-07-05,NWL,15.32,2225832
2019-07-05,MCK,140.03,1093215
2019-07-05,PKG,99.79,1595614
2019-07-05,WRK,38.07,1769466
2019-07-05,HBI,17.38,1798319
2019-07-05,MKC,161.44,898370
2019-07-05,HOG,36.02,1614655
2019-07-08,QCOM,76.63,8426112
2019-07-08,CXO,100.85,969371
2019-07-08,M,21.67,7753237
2019-07-08,JWN,31.82,3087781
2019-07-08,LB,27.55,4551359
2019-07-08,TRIP,45.54,1755444
2019-07-08,WDC,49.87,7617860
2019-07-08,ROST,101.58,1834776
2019-07-08,AMD,32.04,50142131
2019-07-08,DVA,55.51,2392661
2019-07-09,WDC,51.48,10302582
2019-07-09,MU,41.35,28582726
2019-07-09,EIX,69.72,3464948
2019-07-09,NKE,88.04,6935947
2019-07-09,UAA,26.59,4434823
2019-07-09,UA,23.21,1449005
2019-07-09,ULTA,348.48,780146
2019-07-09,EOG,89.15,2818839
2019-07-09,AAL,32.36,5970577
2019-07-09,ZBH,120.69,1030458
2019-07-10,AMD,33.79,60489040
2019-07-10,WDC,54.04,9867412
2019-07-10,TWTR,37.47,12017949
2019-07-10,LHX,192.61,1868736
2019-07-10,MU,42.9,51580652
2019-07-10,CDW,112.46,933078
2019-07-10,FTNT,81.05,1846881
2019-07-10,DISH,40.66,2088217
2019-07-10,MCHP,89.36,1511031
2019-07-10,REGN,301.43,1613832
2019-07-11,DVA,56.41,2985188
2019-07-11,WDC,54.26,7601672
2019-07-11,NBL,22.28,4410356
2019-07-11,ALGN,282.59,655914
2019-07-11,HUM,280.19,2477236
2019-07-11,KHC,30.65,6229973
2019-07-11,NVR,3468.68,29484
2019-07-11,EA,93.49,3658954
2019-07-11,LW,67.58,2991338
2019-07-11,FTI,25.55,3657242
2019-07-12,ABMD,262.69,423187
2019-07-12,FTNT,84.71,1849248
2019-07-12,JBHT,92.94,1562488
2019-07-12,GS,213.94,2825475
2019-07-12,TPR,30.34,2849935
2019-07-12,BBY,74.77,2378463
2019-07-12,ANTM,310.48,2075419
2019-07-12,CF,46.17,2770234
2019-07-12,UNH,265.9,5506565
2019-07-12,HFC,48.54,1529002
2019-07-15,JBHT,92.58,2089773
2019-07-15,CTVA,28.08,3674790
2019-07-15,LB,26.7,5004350
2019-07-15,PH,167.76,778124
2019-07-15,HUM,285.32,1536251
2019-07-15,AVGO,288.34,3217488
2019-07-15,URI,134.74,822841
2019-07-15,CPRI,36.94,2809248
2019-07-15,CNC,54.06,4702254
2019-07-15,WAB,71.22,977844
2019-07-16,AMD,33.85,66450748
2019-07-16,CF,47.71,1891829
2019-07-16,WYNN,139.34,2325960
2019-07-16,CTVA,27.86,4136840
2019-07-16,DOW,52.32,6195800
2019-07-16,NLSN,23.39,3721737
2019-07-16,RCL,114.55,2580969
2019-07-16,ALXN,122.82,1683086
2019-07-16,LB,26.41,3488532
2019-07-16,TWTR,37.99,11480763
2019-07-17,BWA,39.48,1482442
2019-07-17,ALK,63.78,1272876
2019-07-17,WHR,149.2,1015233
2019-07-17,PH,167.38,937446
2019-07-17,DOW,51.6,4702713
2019-07-17,TRIP,45.61,1338143
2019-07-17,FAST,30.59,3872085
2019-07-17,UAL,94.78,6175744
2019-07-17,ROK,159.94,1154266
2019-07-17,MLM,228.42,409925
2019-07-18,CAG,29.11,5285017
2019-07-18,CTAS,260.65,1030008
2019-07-18,AMCR,11.28,8345919
2019-07-18,ABMD,262.77,310911
2019-07-18,FTNT,86.45,1266468
2019-07-18,USB,55.19,7893867
2019-07-18,NRG,35.1,2420416
2019-07-18,HSY,147.5,1746356
2019-07-18,BA,361.11,4615273
2019-07-18,AES,17.53,4949163
2019-07-19,KLAC,131.96,1313211
2019-07-19,IBM,149.68,7860029
2019-07-19,BLL,70.7,2263304
2019-07-19,ADS,151.56,2186617
2019-07-19,AMAT,47.81,10349616
2019-07-19,PM,88.73,7974926
2019-07-19,AMG,88.37,380229
2019-07-19,WDC,52.46,4745244
2019-07-19,FISV,95.39,6503907
2019-07-19,STT,60.08,6613079
2019-07-22,STT,59.23,3394826
2019-07-22,JBHT,103.09,1880482
2019-07-22,CFG,36.58,6188788
2019-07-22,APA,23.86,3628286
2019-07-22,CXO,100.69,1226135
2019-07-22,OXY,52.51,6274183
2019-07-22,SCHW,43.16,9361649
2019-07-22,M,22.09,6777294
2019-07-22,CMI,170.73,1107989
2019-07-22,DVN,26.41,4598245
2019-07-23,WDC,55.98,4616039
2019-07-23,HAL,23.84,18834372
2019-07-23,AMAT,51.03,10634328
2019-07-23,INTC,51.75,19308130
2019-07-23,KLAC,140.17,1810206
2019-07-23,FTI,26.16,5220250
2019-07-23,LRCX,209.76,2105129
2019-07-23,KEYS,88.78,712682
2019-07-23,DISH,43.26,4550229
2019-07-23,IPGP,140.49,560122
2019-07-24,HOG,35.69,3588879
2019-07-24,SWK,152.51,3260793
2019-07-24,SHW,501.13,935768
2019-07-24,AVY,116.61,682759
2019-07-24,CE,112.26,1334288
2019-07-24,ROK,168.88,1971909
2019-07-24,REGN,313.63,1203297
2019-07-24,GE,10.68,44953224
2019-07-24,FITB,29.66,7582494
2019-07-24,CAG,28.63,3996470
2019-07-25,GWW,300.13,963007
2019-07-25,NOC,354.72,1917553
2019-07-25,DFS,91.76,3490566
2019-07-25,NTRS,99.03,1472246
2019-07-25,KEYS,90.75,1900053
2019-07-25,URI,127.74,1260677
2019-07-25,ABMD,272.21,402535
2019-07-25,PCAR,71.67,1979658
2019-07-25,UPS,118.25,9196634
2019-07-25,MPC,56.5,5474261
2019-07-26,LKQ,27.73,4051735
2019-07-26,TSCO,109.95,1549258
2019-07-26,BMY,45.37,20619799
2019-07-26,HSY,152.98,1558385
2019-07-26,ROK,164.62,1124622
2019-07-26,IP,45.3,3770164
2019-07-26,MAS,41.5,3915068
2019-07-26,LUV,53.25,5995248
2019-07-26,MKTX,347.94,550357
2019-07-26,PHM,31.86,2744793
2019-07-29,FTV,76.83,3163005
2019-07-29,RSG,90.09,1177323
2019-07-29,CHTR,393.65,808420
2019-07-29,SIVB,228.61,527833
2019-07-29,UHS,152.65,1412855
2019-07-29,TMUS,82.38,6137222
2019-07-29,FFIV,152.25,838850
2019-07-29,TWTR,41.5,22396895
2019-07-29,FISV,104.64,58031154
2019-07-29,ZBH,134.53,1984626
2019-07-30,CI,172.25,970278
2019-07-30,CL,74.74,5257430
2019-07-30,KSS,53.3,3521437
2019-07-30,CMG,805.25,459009
2019-07-30,UHS,152.87,971419
2019-07-30,UNP,179.3,3244988
2019-07-30,NTAP,59.49,1708438
2019-07-30,INTC,51.7,17158168
2019-07-30,FISV,103.91,12990002
2019-07-30,HAS,124.38,1291431
2019-07-31,NOV,23.82,11222137
2019-07-31,WAB,77.68,2562457
2019-07-31,AOS,45.45,7811594
2019-07-31,MOS,25.19,5431341
2019-07-31,XEC,50.67,1875338
2019-07-31,NBL,22.08,5394965
2019-07-31,CF,49.56,2819858
2019-07-31,MLM,247.75,1489538
2019-07-31,HAL,23,13653274
2019-07-31,UAA,23.07,9708988
2019-08-01,JWN,30.83,8057045
2019-08-01,EIX,73.88,5530743
2019-08-01,HES,63.66,4422844
2019-08-01,LHX,204.85,1880175
2019-08-01,OKE,70.99,4267709
2019-08-01,AKAM,90.11,3230647
2019-08-01,AMGN,186,3754816
2019-08-01,TWTR,42.08,23072205
2019-08-01,MCO,216.05,1812218
2019-08-01,CDW,118.52,1388288
2019-08-02,CTVA,31.46,7574190
2019-08-02,CBOE,116.48,728250
2019-08-02,TFX,361.35,445751
2019-08-02,BLL,74.73,3013317
2019-08-02,APA,24.19,4683656
2019-08-02,K,63.4,3634371
2019-08-02,OXY,51.18,12663966
2019-08-02,VRTX,178.39,1961456
2019-08-02,CME,205.16,1931321
2019-08-02,QCOM,71.15,14795422
2019-08-05,NWL,15.1,9786463
2019-08-05,WU,21.05,8478659
2019-08-05,STX,44.44,5652703
2019-08-05,SEE,43.84,2516285
2019-08-05,XRAY,51.49,3493393
2019-08-05,MSI,168.73,1582782
2019-08-05,MU,41.94,36615323
2019-08-05,TWTR,40.37,23796153
2019-08-05,MAS,38.7,4149981
2019-08-05,CME,201.88,1955518
2019-08-06,IPGP,120.06,501545
2019-08-06,RTN,184.83,2426710
2019-08-06,STX,44.68,4161068
2019-08-06,AOS,44.9,2557767
2019-08-06,NOC,354.25,1041957
2019-08-06,TXT,47.48,1565342
2019-08-06,NBL,21.4,5984694
2019-08-06,FLS,45.5,1717230
2019-08-06,DISCA,29.54,6067870
2019-08-06,LYB,75.8,4007500
2019-08-07,NWL,16.13,8635830
2019-08-07,TDG,537.33,503338
2019-08-07,ARNC,25.21,5310892
2019-08-07,IDXX,267.87,431534
2019-08-07,DD,69.77,5167088
2019-08-07,ZTS,120.89,2912312
2019-08-07,ULTA,343.68,807016
2019-08-07,CME,208.89,2026406
2019-08-07,UDR,46.31,2491376
2019-08-07,HSIC,62.46,3516084
2019-08-08,KR,23.35,15462677
2019-08-08,PXD,126.78,2691564
2019-08-08,AIZ,119.46,772653
2019-08-08,FANG,95.2,4601698
2019-08-08,TTWO,131.39,1630343
2019-08-08,LEN,50.86,3355203
2019-08-08,SWKS,80.27,5195725
2019-08-08,ALB,73.49,4580871
2019-08-08,CXO,73.41,5445295
2019-08-08,DVN,24.44,11120224
2019-08-09,MNST,59.23,5735242
2019-08-09,AMD,34.19,129664705
2019-08-09,CXO,71.91,2190772
2019-08-09,KHC,26.5,19842202
2019-08-09,NRG,34.15,4522035
2019-08-09,SWKS,77.52,2981201
2019-08-09,NI,28.57,3393352
2019-08-09,VRTX,182.98,1412081
2019-08-09,ANSS,208.27,580700
2019-08-09,ADSK,151.34,2096918
2019-08-12,NWSA,14.03,3698095
2019-08-12,AMGN,205.78,11229342
2019-08-12,NWS,14.4,1354340
2019-08-12,MKTX,363.26,282953
2019-08-12,CDW,112.36,514624
2019-08-12,AVGO,275.64,2440186
2019-08-12,MYL,19.13,6338441
2019-08-12,AMD,32.43,105749474
2019-08-12,CI,165.67,1293161
2019-08-12,BLL,76.84,1463267
2019-08-13,CTL,11.48,13214430
2019-08-13,AMGN,206.12,5894860
2019-08-13,MU,44.17,34403320
2019-08-13,NWSA,14.04,4896651
2019-08-13,MCK,142.71,1980763
2019-08-13,NWS,14.46,926956
2019-08-13,NFLX,312.28,5618000
2019-08-13,IRM,30.98,1716472
2019-08-13,LW,67.3,1810467
2019-08-13,ABMD,197.15,719877
2019-08-14,AAP,136.49,2451490
2019-08-14,BBY,66.97,3444740
2019-08-14,LRCX,198.5,2245498
2019-08-14,LYB,72.71,2764080
2019-08-14,CNC,47.78,4775545
2019-08-14,IP,38.65,5092053
2019-08-14,WRK,33.24,5236025
2019-08-14,ABMD,190.13,604423
2019-08-14,MCHP,86.91,2400059
2019-08-14,PVH,69.36,2158176
2019-08-15,M,16.16,22696038
2019-08-15,DLTR,93.14,1646678
2019-08-15,WMT,112.69,20755800
2019-08-15,SLG,78.23,852210
2019-08-15,WDC,54.06,3178364
2019-08-15,HPQ,18.63,11339031
2019-08-15,QCOM,71.16,10122995
2019-08-15,BR,126.67,1107014
2019-08-15,ORLY,375.43,517061
2019-08-15,TTWO,126.16,1282911
2019-08-16,FISV,107.26,6334851
2019-08-16,AWK,124.22,1503928
2019-08-16,K,63.78,2659855
2019-08-16,CCI,142.92,2499573
2019-08-16,CAG,29.47,3031664
2019-08-16,CMS,61.2,2601639
2019-08-16,D,76.86,4464613
2019-08-16,JKHY,141.92,756001
2019-08-16,FIS,138.31,6461052
2019-08-16,AMT,222.93,2231562
2019-08-19,XEC,41.9,2208536
2019-08-19,TPR,20.97,10827978
2019-08-19,WAB,68.1,2876325
2019-08-19,CTVA,30.57,6719853
2019-08-19,CTL,11.53,16392099
2019-08-19,APA,21.9,5737037
2019-08-19,GE,8.6533,109206960
2019-08-19,DE,152.39,2094740
2019-08-19,MYL,19.19,6206042
2019-08-19,DVN,23.27,5916558
2019-08-20,NVDA,167.87,12560827
2019-08-20,KSS,44.88,15416917
2019-08-20,PRGO,47.13,1412222
2019-08-20,EL,202.2,3626550
2019-08-20,HES,62.6,2590672
2019-08-20,NBL,22.25,3348085
2019-08-20,TPR,21.04,7270698
2019-08-20,APA,21.75,3037476
2019-08-20,DXC,33.64,3728912
2019-08-20,COP,52.71,6900431
2019-08-21,TJX,53.5,16717738
2019-08-21,RTN,185.07,1970250
2019-08-21,ATVI,49.04,4377108
2019-08-21,EA,94.04,3156143
2019-08-21,LVS,55.13,2442285
2019-08-21,MAS,40.92,5786275
2019-08-21,LOW,108,20821071
2019-08-21,WYNN,113.56,1768210
2019-08-21,QCOM,76.7,12500759
2019-08-21,MKTX,389.23,366388
2019-08-22,JWN,30.75,29499292
2019-08-22,MKTX,392.54,264678
2019-08-22,TGT,106.32,18012977
2019-08-22,KSS,47.33,4701932
2019-08-22,TJX,54.88,11439677
2019-08-22,GPS,17.75,17284276
2019-08-22,NWL,16.68,3504129
2019-08-22,AMD,31.9,46906790
2019-08-22,ALXN,123.49,7440691
2019-08-22,ANET,227.28,745249
2019-08-23,ALXN,115.33,5496250
2019-08-23,KEYS,93.18,5748993
2019-08-23,LB,17.53,12850309
2019-08-23,JWN,28.57,10405745
2019-08-23,MAC,27.88,1985111
2019-08-23,GPS,16.92,20828166
2019-08-23,BA,356.01,11762510
2019-08-23,SNPS,135.05,1772012
2019-08-23,TJX,53.09,11176579
2019-08-23,ULTA,322.1,1170970
2019-08-26,HPQ,17.84,15740172
2019-08-26,NEM,39.45,5849338
2019-08-26,COG,16.55,7896741
2019-08-26,BA,359.04,4883201
2019-08-26,PWR,33.21,1685749
2019-08-26,CCI,147.59,1077427
2019-08-26,GPS,16.38,8939148
2019-08-26,EQR,83.61,2118259
2019-08-26,DRI,121.2,831089
2019-08-26,ADM,37.81,6683310
2019-08-27,AMGN,206.49,3907199
2019-08-27,CTL,11.36,11892585
2019-08-27,CHTR,398.49,1100691
2019-08-27,PEP,134.76,8151025
2019-08-27,AMCR,9.78,10914393
2019-08-27,KR,23.12,12688777
2019-08-27,SRE,141.43,2469891
2019-08-27,ARNC,25.18,11018198
2019-08-27,FTI,24.72,6406291
2019-08-27,ABC,81.28,2403527
2019-08-28,COST,294.49,5232889
2019-08-28,NEM,40.87,9284695
2019-08-28,IDXX,285.56,494613
2019-08-28,MKTX,404.46,305633
2019-08-28,RL,87.74,1992809
2019-08-28,ATVI,50.21,7536221
2019-08-28,GPN,163.43,2001858
2019-08-28,MKC,163.86,734733
2019-08-28,CMG,839.34,249096
2019-08-28,BLK,413.84,629465
2019-08-29,XEC,42.31,2902048
2019-08-29,TIF,85.54,2843086
2019-08-29,ADSK,142.63,3379830
2019-08-29,WRK,34.11,2061030
2019-08-29,HAL,18.53,13503449
2019-08-29,NWL,16.45,5002200
2019-08-29,NOV,20.1,5968307
2019-08-29,KSS,47.21,3893679
2019-08-29,AAL,26.32,7426518
2019-08-29,JBHT,106.9,1130523
2019-08-30,MPC,49.21,6090859
2019-08-30,NOV,20.43,4537012
2019-08-30,VLO,75.28,3593142
2019-08-30,DG,156.09,3182294
2019-08-30,LOW,112.2,6106871
2019-08-30,MYL,19.47,3828401
2019-08-30,LYB,77.38,6226663
2019-08-30,CPB,45,11696249
2019-08-30,STX,50.21,4106946
2019-08-30,TMO,287.06,2457688
2019-09-03,DLTR,101.99,2348093
2019-09-03,WDC,57.47,4779939
2019-09-03,WYNN,105.33,2491328
2019-09-03,COO,299.54,590569
2019-09-03,LYB,74.82,4461862
2019-09-03,CAH,43.3,4039119
2019-09-03,TDG,534.78,539799
2019-09-03,NRG,36.8,2510976
2019-09-03,STX,49.66,4032780
2019-09-03,RTN,182.09,1396478
2019-09-04,DVA,59.15,3204793
2019-09-04,HFC,45.81,1675450
2019-09-04,NOV,20.635,4702680
2019-09-04,MLM,260.7,650925
2019-09-04,HES,65.04,2745195
2019-09-04,AMT,241.07,2126710
2019-09-04,NEE,224.12,2583631
2019-09-04,HAL,18.76,13371038
2019-09-04,DVN,22.84,6114547
2019-09-04,GE,8.8,96975177
2019-09-05,NWL,17.51,6532579
2019-09-05,GE,8.81,91764615
2019-09-05,IPGP,134.37,713273
2019-09-05,STX,54.1,4083640
2019-09-05,DISH,34.85,2251034
2019-09-05,COTY,9.91,8456260
2019-09-05,LRCX,226.74,2961143
2019-09-05,CPRI,28.3,6908631
2019-09-05,INTC,50.1,31300595
2019-09-05,EA,97.45,3219003
2019-09-06,TPR,23.69,9007788
2019-09-06,CPRT,81.38,2231678
2019-09-06,IPGP,133.51,515626
2019-09-06,MOS,19.54,4818604
2019-09-06,CPRI,28.07,2960704
2019-09-06,NVDA,178.65,9540905
2019-09-06,NOV,22.17,4698302
2019-09-06,GPS,16.86,10094027
2019-09-06,PH,173.49,1060341
2019-09-06,BWA,35.42,1649383
2019-09-09,ALXN,106.4,2650343
2019-09-09,PRGO,50.89,1204755
2019-09-09,HP,41.72,1969270
2019-09-09,TPR,24.29,9254791
2019-09-09,COTY,10.27,5612834
2019-09-09,CAG,29.11,3566890
2019-09-09,DVA,61.17,4251774
2019-09-09,IFF,119.93,1720700
2019-09-09,RTN,189.41,1572003
2019-09-09,NBL,23.76,7835064
2019-09-10,LB,18.55,9148140
2019-09-10,HP,42.16,1776921
2019-09-10,NOV,23.74,6822401
2019-09-10,HBI,15.54,9652173
2019-09-10,KSS,51.1,5268269
2019-09-10,GPS,18.38,8922990
2019-09-10,WBA,56.88,7323158
2019-09-10,JWN,34.24,7257552
2019-09-10,CPRI,31.4,5201005
2019-09-10,CXO,74.77,2461507
2019-09-11,STT,60,5873047
2019-09-11,MAC,33.89,2885058
2019-09-11,JWN,35.05,5456725
2019-09-11,SEE,41.76,1561361
2019-09-11,BWA,39.12,2662564
2019-09-11,PWR,38.11,2744094
2019-09-11,CTL,13.31,22353935
2019-09-11,WRK,39.08,4086483
2019-09-11,AAP,158.86,1382826
2019-09-11,CPRI,32.04,4274618
2019-09-12,CTL,13.53,17244659
2019-09-12,PRGO,55.96,1707109
2019-09-12,TRIP,41.27,2422208
2019-09-12,CNP,29.88,6109745
2019-09-12,ILMN,297.52,2098133
2019-09-12,BA,375.63,4628904
2019-09-12,PKG,107.03,833141
2019-09-12,ISRG,523.12,670411
2019-09-12,BEN,29.79,4945465
2019-09-12,ADSK,155.69,3651707
2019-09-13,LKQ,32.74,3734440
2019-09-13,VLO,85.53,5059202
2019-09-13,LB,18.87,7865872
2019-09-13,TDG,519.82,303447
2019-09-13,CFG,36.83,4730828
2019-09-13,CPRI,32.01,3977392
2019-09-13,SCHW,43.62,7187919
2019-09-13,APH,94.71,2225349
2019-09-13,WYNN,117.46,1747067
2019-09-13,INFO,67.86,2372623
2019-09-16,XEC,53.77,7554888
2019-09-16,KR,25.98,7947616
2019-09-16,DD,72.14,4642558
2019-09-16,MNST,59.23,3598509
2019-09-16,PXD,144.24,5614626
2019-09-16,MOS,22.97,4996212
2019-09-16,MHK,122.45,968627
2019-09-16,SEE,40.33,2154062
2019-09-16,BIIB,236.12,1704378
2019-09-16,DVA,63.28,3176826
2019-09-17,HP,44.06,2667363
2019-09-17,APA,26.02,10703880
2019-09-17,HES,67.8,5398547
2019-09-17,HFC,53.04,2639999
2019-09-17,HAL,21.03,20255775
2019-09-17,LB,19.36,10842295
2019-09-17,NOW,264.05,1342360
2019-09-17,JWN,32.1,10659308
2019-09-17,CMA,65.48,1583329
2019-09-17,TTWO,130.91,1517550
2019-09-18,MSCI,233.75,688957
2019-09-18,SEE,41.59,1620533
2019-09-18,CME,216.17,1266724
2019-09-18,ULTA,229.34,1731716
2019-09-18,BLL,74.51,4020303
2019-09-18,ORLY,390.49,491453
2019-09-18,KMX,85.53,1564241
2019-09-18,GM,38.18,6252362
2019-09-18,VLO,83.6,2659406
2019-09-18,CMG,834.97,619528
2019-09-19,NOV,22.89,4098867
2019-09-19,KLAC,157.22,1561174
2019-09-19,LEN,53.79,1925817
2019-09-19,CMA,66,1723947
2019-09-19,SIVB,216.06,529510
2019-09-19,MAS,41.05,4182976
2019-09-19,NVR,3665.66,32235
2019-09-19,PPG,120.69,1370896
2019-09-19,PNC,141,2764543
2019-09-19,AIG,57.89,5151225
2019-09-20,AMT,225.56,4028000
2019-09-20,ALGN,186.54,3184792
2019-09-20,CI,161.38,3614287
2019-09-20,KR,25.68,11738218
2019-09-20,ALXN,106.32,3393304
2019-09-20,ORCL,53.47,120254300
2019-09-20,SHW,550.54,1089910
2019-09-20,OXY,45.7,11543405
2019-09-20,HUM,277.28,1271517
2019-09-20,ABC,85.12,4834132
2019-09-23,INCY,77.64,1923438
2019-09-23,ALGN,183.89,1296676
2019-09-23,REGN,294.7,737353
2019-09-23,XRAY,52.28,2564404
2019-09-23,ILMN,305.83,823795
2019-09-23,MYL,20.86,7311008
2019-09-23,IT,142.64,1187045
2019-09-23,AAP,161.22,1380555
2019-09-23,MPC,55.78,7419770
2019-09-23,SBAC,255.57,578072
2019-09-24,CPRI,32.7,3364752
2019-09-24,CTL,12.91,11923905
2019-09-24,ITW,152.22,1370364
2019-09-24,ULTA,239.48,2372821
2019-09-24,PH,177.7,1003243
2019-09-24,XRAY,53.04,2445911
2019-09-24,AAP,159.22,1313529
2019-09-24,HBI,14.89,6747889
2019-09-24,KMX,86.74,6594913
2019-09-24,APA,25.38,5298560
2019-09-25,CAG,29.9,7415507
2019-09-25,NEM,39.57,6950531
2019-09-25,ISRG,545.01,847023
2019-09-25,HBI,14.88,3334536
2019-09-25,CBOE,117.93,508188
2019-09-25,AWK,124.57,1271056
2019-09-25,DTE,133.8,1635820
2019-09-25,FE,48.83,4472982
2019-09-25,CMS,64.33,2486532
2019-09-25,ATO,114.42,1706538
2019-09-26,NOV,22.07,3875474
2019-09-26,FTI,24.27,8149270
2019-09-26,LRCX,242.83,1894504
2019-09-26,NFLX,263.31,7875590
2019-09-26,MXIM,58.36,1045307
2019-09-26,NVDA,177.34,6550595
2019-09-26,MCHP,92.37,3340055
2019-09-26,HOG,35.22,1760815
2019-09-26,MRO,11.94,14259352
2019-09-26,QCOM,77.35,4125247
2019-09-27,LB,18.94,4445237
2019-09-27,MO,40.13,9664549
2019-09-27,ACN,191.38,2699462
2019-09-27,KIM,20.85,4068178
2019-09-27,ADBE,277.54,3361133
2019-09-27,MPC,62.42,13339859
2019-09-27,MAS,41.68,2825213
2019-09-27,ANSS,217.09,551960
2019-09-27,IRM,32.18,1824990
2019-09-27,NOC,371.18,1211405
2019-09-30,XEC,47.94,1331301
2019-09-30,MRO,12.27,10955530
2019-09-30,APA,25.6,4470194
2019-09-30,COG,17.57,9545828
2019-09-30,ULTA,250.65,2466809
2019-09-30,CXO,67.9,1548406
2019-09-30,EMR,66.86,5450974
2019-09-30,IPG,21.56,3725409
2019-09-30,ETFC,43.69,2369558
2019-09-30,HST,17.29,11989217
2019-10-01,LB,19.09,5024412
2019-10-01,MYL,18.83,5636849
2019-10-01,ALGN,182.3,1156843
2019-10-01,JWN,33.48,3327878
2019-10-01,AAP,167.29,1144475
2019-10-01,CMG,828.84,519162
2019-10-01,NUE,50.41,2309933
2019-10-01,ULTA,265.99,4362740
2019-10-01,CTSH,60.62,3500614
2019-10-01,EA,96.75,3893279
2019-10-02,MKC,164.74,1383009
2019-10-02,ULTA,262.79,2558878
2019-10-02,PM,76.72,7707226
2019-10-02,ETFC,35.2,9884890
2019-10-02,LW,73.35,3829311
2019-10-02,AAP,162.96,1108326
2019-10-02,WYNN,111.19,2056623
2019-10-02,STZ,206.79,1495135
2019-10-02,CHD,74.85,2607480
2019-10-02,NFLX,268.03,7883916
2019-10-03,LEN,58.51,7471312
2019-10-03,WYNN,109.86,1551702
2019-10-03,NFLX,268.15,9116670
2019-10-03,GWW,288.69,364817
2019-10-03,XEC,46.78,2441160
2019-10-03,MNST,55.62,4160297
2019-10-03,FBHS,54.92,1701619
2019-10-03,EIX,73.95,2490010
2019-10-03,XLNX,92.49,4204538
2019-10-03,PKI,83.34,1283594
2019-10-04,LW,77.77,1526639
2019-10-04,HES,62.39,3100393
2019-10-04,MKTX,346.95,678114
2019-10-04,NVDA,181.97,13878388
2019-10-04,MRO,11.56,12217772
2019-10-04,FANG,85.42,2799200
2019-10-04,PXD,125.45,2486911
2019-10-04,DVN,22.6,3866321
2019-10-04,NOW,266.48,2076301
2019-10-04,EW,229.4,1520989
2019-10-07,CB,159.66,2208004
2019-10-07,TMO,289.16,2164638
2019-10-07,MKTX,347.79,585098
2019-10-07,NLSN,20.94,2337601
2019-10-07,EW,225.18,1465735
2019-10-07,NVR,3676.75,31291
2019-10-07,CME,213.3,2120819
2019-10-07,CAG,28.63,4170175
2019-10-07,FLT,284.59,437029
2019-10-07,MO,42.17,18382133
2019-10-08,ALGN,184.3,2387093
2019-10-08,KSS,48.4,3241990
2019-10-08,CBOE,116.48,555669
2019-10-08,INCY,74.44,1476434
2019-10-08,GPS,16.02,7458039
2019-10-08,DISCK,24.96,4417388
2019-10-08,WHR,155.05,735909
2019-10-08,IPG,20.27,7743850
2019-10-08,JWN,32.96,4567239
2019-10-08,MCO,205.76,1172403
2019-10-09,AAL,27.065,16987871
2019-10-09,CTVA,26.17,5840045
2019-10-09,LHX,208.94,1244804
2019-10-09,REGN,290.83,2123843
2019-10-09,KSS,49.41,3235563
2019-10-09,DHI,52.65,3666606
2019-10-09,JWN,33.1,2224473
2019-10-09,NKE,92.52,5846576
2019-10-09,DLTR,112.99,3227935
2019-10-09,MSI,171.1,1025537
2019-10-10,TEL,88.07,1193029
2019-10-10,MKTX,359.09,571789
2019-10-10,EW,226.09,1094809
2019-10-10,KEYS,94.43,1348452
2019-10-10,SHW,558.7,484670
2019-10-10,ILMN,298.18,1126079
2019-10-10,HES,65.91,2339263
2019-10-10,ARNC,26.02,2323740
2019-10-10,ALGN,194.17,2051863
2019-10-10,CNC,44.09,5604037
2019-10-11,NFLX,282.93,17846174
2019-10-11,CTAS,267.61,1035833
2019-10-11,WRK,36.57,3830412
2019-10-11,ALXN,99.25,2811713
2019-10-11,REGN,300.77,2292450
2019-10-11,ALK,66.08,1736562
2019-10-11,NBL,20.58,6016772
2019-10-11,PSX,106.53,2689208
2019-10-11,XEC,45.32,1643049
2019-10-11,KSS,51.46,3228752
2019-10-14,FAST,35.425,24675107
2019-10-14,MOS,20.06,3574934
2019-10-14,FCX,9.5,27621774
2019-10-14,WYNN,112.32,2212210
2019-10-14,COTY,10.65,3207510
2019-10-14,ROK,164.13,562124
2019-10-14,ALB,67.56,1452481
2019-10-14,APA,21.94,9346134
2019-10-14,ABMD,176.51,1690514
2019-10-14,DXC,28.1,8447398
2019-10-15,APA,22.18,5610654
2019-10-15,ABMD,177.87,1297197
2019-10-15,FCX,9.52,20129983
2019-10-15,AMD,30.72,83351170
2019-10-15,ILMN,312.17,1365277
2019-10-15,ALGN,209.25,2182885
2019-10-15,CMI,166.35,1139434
2019-10-15,HPE,15.14,8665285
2019-10-15,HES,66.13,1758703
2019-10-15,MRO,11.84,11544264
2019-10-16,IPGP,130.09,723171
2019-10-16,CTL,12.17,17550647
2019-10-16,ANTM,245.02,2725536
2019-10-16,PLD,89.04,2527861
2019-10-16,HOG,36.56,1631624
2019-10-16,NVDA,194.21,22208528
2019-10-16,ARNC,27.51,3518741
2019-10-16,ALXN,99.51,5703504
2019-10-16,CI,161.47,1966298
2019-10-16,SIVB,205.19,1032121
2019-10-17,JBHT,116.18,2158026
2019-10-17,PGR,71.47,7846515
2019-10-17,CPRI,30.97,1326354
2019-10-17,PPL,32.09,5373965
2019-10-17,PHM,38.24,3082202
2019-10-17,ABC,89.5,3577137
2019-10-17,LEN,61.05,3924834
2019-10-17,AAP,163.75,761931
2019-10-17,CHRW,86.66,2410449
2019-10-17,WY,28.02,3986649
2019-10-18,CAH,51.54,4580358
2019-10-18,ABC,89.64,1870775
2019-10-18,MCK,152.26,3691041
2019-10-18,URI,128.66,2242065
2019-10-18,HUM,289.26,2027765
2019-10-18,IPGP,134.76,582660
2019-10-18,CCI,144.06,3464494
2019-10-18,SBAC,244.1,2201406
2019-10-18,CNC,46.88,5976475
2019-10-18,CAG,27.15,3895366
2019-10-21,HBI,15.65,4224843
2019-10-21,ISRG,562.7,894978
2019-10-21,STT,65.4,3544018
2019-10-21,CTL,12.41,13380294
2019-10-21,PBCT,16.62,3264819
2019-10-21,NVR,3820,38183
2019-10-21,KSU,146.7,1885710
2019-10-21,CCI,143.35,1904033
2019-10-21,IRM,33.94,2453464
2019-10-21,GPC,101.86,656824
2019-10-22,HAL,19.9,14791482
2019-10-22,HP,39.16,1275715
2019-10-22,EOG,69.57,4776805
2019-10-22,COTY,11.91,7287533
2019-10-22,SLB,34.82,17972780
2019-10-22,KEYS,102.5,2249857
2019-10-22,VRTX,191.06,4594116
2019-10-22,COP,56.54,6513568
2019-10-22,XEC,43.42,1737433
2019-10-22,UNP,170.77,4311390
2019-10-23,CNC,48.39,5699424
2019-10-23,UA,19.01,1416317
2019-10-23,LB,17.63,4472240
2019-10-23,UAA,20.82,4379025
2019-10-23,HBI,16.17,2653579
2019-10-23,IPG,21.4,3789985
2019-10-23,CTL,13.09,14745625
2019-10-23,PXD,130.6,1825767
2019-10-23,JWN,36.65,2680165
2019-10-23,TAP,59.47,1929870
2019-10-24,ALXN,106.08,2050431
2019-10-24,WHR,160.53,928524
2019-10-24,HLT,96.91,3442805
2019-10-24,ANTM,259.49,1758587
2019-10-24,PNR,41.6,1673759
2019-10-24,ABMD,179.96,573391
2019-10-24,ROL,38.6,1270874
2019-10-24,IVZ,16.94,8391449
2019-10-24,AVY,126.2,1001813
2019-10-24,EOG,71.97,4777715
2019-10-25,LRCX,270.05,2694139
2019-10-25,TIF,98.55,3807053
2019-10-25,ALGN,243.38,1190474
2019-10-25,ALLE,113.33,1143874
2019-10-25,ORLY,438.54,959162
2019-10-25,AMAT,55.72,9126963
2019-10-25,LUV,56.74,4189124
2019-10-25,RTN,212.15,2118697
2019-10-25,KLAC,169.94,1287810
2019-10-25,CTVA,26.73,3066639
2019-10-28,FCX,10.24,17815095
2019-10-28,SIVB,227.28,610966
2019-10-28,AAL,31.36,10736980
2019-10-28,MHK,145.2,1705013
2019-10-28,ITW,169.94,2576455
2019-10-28,TPR,26.13,3586709
2019-10-28,EMN,78.15,2183390
2019-10-28,PVH,89.67,1221187
2019-10-28,INTC,56.76,26697664
2019-10-28,SWK,152.09,1452241
2019-10-29,LRCX,276.49,2260095
2019-10-29,INCY,83.35,2174830
2019-10-29,CRM,155.09,5774950
2019-10-29,RMD,146.68,711727
2019-10-29,PSX,118.96,4184848
2019-10-29,EIX,65.4,4228687
2019-10-29,COF,94.46,2913067
2019-10-29,MKTX,351.49,200523
2019-10-29,CI,177.98,2397295
2019-10-29,QCOM,81.66,5689291
2019-10-30,LEG,51.88,2377417
2019-10-30,NOV,22.66,7287384
2019-10-30,XRX,34.12,3083898
2019-10-30,COG,18.49,6798982
2019-10-30,ECL,193.71,1476975
2019-10-30,INCY,83.66,1047631
2019-10-30,WAT,215,698939
2019-10-30,MMC,103.53,1942140
2019-10-30,SBAC,241.89,495209
2019-10-30,SYK,217.09,2049264
2019-10-31,IPGP,134.28,614169
2019-10-31,GLW,29.63,7622160
2019-10-31,APTV,89.55,1396569
2019-10-31,AOS,49.68,3962777
2019-10-31,GE,9.98,64036697
2019-10-31,ADP,162.23,7001835
2019-10-31,SLG,83.6,872284
2019-10-31,AON,193.16,916345
2019-10-31,WYNN,121.34,1642126
2019-10-31,NOW,247.26,1267852
2019-11-01,FLIR,53.3,1150948
2019-11-01,ABMD,216.79,1111792
2019-11-01,KHC,32.61,15716766
2019-11-01,IDXX,276.87,628808
2019-11-01,LKQ,35.14,3960347
2019-11-01,HBI,15.48,10759905
2019-11-01,APA,23.81,10669844
2019-11-01,CXO,69.3,2068561
2019-11-01,CF,46.27,3124558
2019-11-01,TWTR,29.62,22958871
2019-11-04,APA,24.52,7522157
2019-11-04,WAB,77.37,2471802
2019-11-04,ANET,191.27,2885873
2019-11-04,QRVO,101.51,4588046
2019-11-04,HP,41.88,1946609
2019-11-04,FCX,10.8,30563988
2019-11-04,PH,198.61,1556379
2019-11-04,ALB,67.7,2489744
2019-11-04,WU,26.61,14650926
2019-11-04,DD,71.3,5299887
2019-11-05,GE,10.97,73215083
2019-11-05,XEC,46.17,5961187
2019-11-05,PXD,135.86,2992284
2019-11-05,NBL,21.67,6746116
2019-11-05,DVN,22.98,11099305
2019-11-05,ALB,67.37,2293922
2019-11-05,SLB,36.72,17731101
2019-11-05,MAC,29,2297128
2019-11-05,CVX,121.94,7887258
2019-11-05,XRX,36.37,3504930
2019-11-06,KR,27,14587640
2019-11-06,IFF,133.01,1074999
2019-11-06,IPGP,148.54,660761
2019-11-06,MAR,132.58,1840455
2019-11-06,ARNC,29.44,4761389
2019-11-06,HSIC,68.6,1744429
2019-11-06,UA,16.51,3618261
2019-11-06,TPR,25.93,9234752
2019-11-06,M,15.97,17861777
2019-11-06,UAA,18.17,7981051
2019-11-07,COTY,13,8034967
2019-11-07,DVA,69.19,3235826
2019-11-07,XRX,37.31,6436294
2019-11-07,VMC,137.41,1348658
2019-11-07,NVR,3427.42,75494
2019-11-07,BLL,65.07,4296466
2019-11-07,WU,27.86,10105741
2019-11-07,PGR,72.56,9112915
2019-11-07,LW,79,1251440
2019-11-07,CHRW,79.14,2212430
2019-11-08,CTL,14.79,17357732
2019-11-08,DISCK,28.615,2781650
2019-11-08,DISCA,30.905,8437774
2019-11-08,ALB,67.98,3663002
2019-11-08,ANSS,224.31,644400
2019-11-08,CNC,55.06,6877831
2019-11-08,HII,251.21,530333
2019-11-08,FOX,34.43,1891213
2019-11-08,EOG,74.7,3412484
2019-11-08,NLSN,20.35,8421395
2019-11-11,NBL,21.32,4323253
2019-11-11,QCOM,91.84,11827481
2019-11-11,REGN,344.28,644529
2019-11-11,MTD,700.4,221721
2019-11-11,MYL,17.24,6468392
2019-11-11,ABBV,85.66,9930067
2019-11-11,OXY,38.88,15034365
2019-11-11,NOW,248.55,1891101
2019-11-11,INCY,84.86,652544
2019-11-11,XRX,38.36,2381808
2019-11-12,BA,362.88,6167198
2019-11-12,NVR,3588.06,49810
2019-11-12,MKTX,365.93,265860
2019-11-12,FANG,78.01,3245680
2019-11-12,HP,40.19,1777128
2019-11-12,GPS,17.16,7826961
2019-11-12,TTWO,118.99,1818139
2019-11-12,CTL,14.62,19207657
2019-11-12,NWSA,13.12,4897743
2019-11-12,HES,71.81,4040842
2019-11-13,DXC,34.6,11206937
2019-11-13,TSN,88.87,4365697
2019-11-13,FTNT,99.67,1179254
2019-11-13,WRK,40.37,3803109
2019-11-13,CF,46.84,1956498
2019-11-13,LKQ,35.21,2653076
2019-11-13,BSX,41.42,5477873
2019-11-13,MCK,145.7,1669202
2019-11-13,FB,193.19,11755024
2019-11-13,CNC,55.35,5851011
2019-11-14,DIS,147.15,29965439
2019-11-14,SWKS,98.75,2767973
2019-11-14,CTL,14.89,8543127
2019-11-14,QRVO,103.7,1155839
2019-11-14,CAG,28.44,5556081
2019-11-14,XEC,45.17,2001339
2019-11-14,SJM,104.49,1020821
2019-11-14,MKTX,379.22,202198
2019-11-14,ADP,170.14,2729048
2019-11-14,IFF,133.9,620829
2019-11-15,MOS,19.75,4233692
2019-11-15,NTAP,62.87,2740644
2019-11-15,DXC,37.23,6975786
2019-11-15,LB,18.07,6023935
2019-11-15,CPRT,85.99,1985405
2019-11-15,NVR,3595.17,33399
2019-11-15,CTVA,25.48,5882868
2019-11-15,GPS,17.74,7407345
2019-11-15,GPN,179.23,2652053
2019-11-15,ETFC,44.95,3756428
2019-11-18,ANTM,294,2735128
2019-11-18,HUM,334.54,1636433
2019-11-18,CNC,59.36,11939071
2019-11-18,UNH,272.93,7992065
2019-11-18,UAA,17.33,4712076
2019-11-18,HCA,136.78,1667401
2019-11-18,WCG,318.06,995448
2019-11-18,AAP,163.67,1155566
2019-11-18,MO,48.34,12000964
2019-11-18,CI,198.38,2967402
2019-11-19,NVDA,207.99,10730400
2019-11-19,BLL,67.25,2783638
2019-11-19,MKTX,400.17,404822
2019-11-19,NOW,277.74,9940511
2019-11-19,AMD,41.29,96708447
2019-11-19,WYNN,120.25,1423082
2019-11-19,FTNT,105.07,1522425
2019-11-19,FOX,35.43,1431988
2019-11-19,FOXA,36.26,6887693
2019-11-19,CNC,59.39,4900733
2019-11-20,TDG,575,457506
2019-11-20,STZ,185.86,2832118
2019-11-20,FOXA,35.89,4976147
2019-11-20,ABMD,185.25,1208458
2019-11-20,AMD,40.98,82841831
2019-11-20,MKTX,404.49,465139
2019-11-20,DHR,142.96,7988519
2019-11-20,SBAC,240.75,573812
2019-11-20,FOX,34.995,1781831
2019-11-20,DISCA,32.02,6479931
2019-11-21,SLB,36.62,11796186
2019-11-21,COP,60.21,10988534
2019-11-21,MO,48.82,10393888
2019-11-21,TGT,127.65,13365835
2019-11-21,NBL,20.79,5458973
2019-11-21,EIX,71.01,2977430
2019-11-21,HAL,21.13,12367228
2019-11-21,DVN,22.77,8097330
2019-11-21,ETFC,41.58,30007041
2019-11-21,NOW,279.12,4273861
2019-11-22,LB,18.01,17777605
2019-11-22,JWN,37.95,21553239
2019-11-22,DVN,22.77,4763913
2019-11-22,URI,154.51,1086247
2019-11-22,NBL,21.14,4631812
2019-11-22,XOM,69.37,17760689
2019-11-22,DOW,54.2,3883096
2019-11-22,REGN,360.66,1353429
2019-11-22,TWTR,30.03,15750134
2019-11-22,HAL,20.99,7996279
2019-11-25,M,15.56,21636119
2019-11-25,LB,19.17,12710644
2019-11-25,BIIB,302.61,2401085
2019-11-25,CPRI,37.61,4639910
2019-11-25,FDX,159.54,2810980
2019-11-25,REGN,366.82,907465
2019-11-25,GPS,17.16,6333297
2019-11-25,RL,108.93,1133897
2019-11-25,ADS,105.4,870318
2019-11-25,JWN,38.36,6048867
2019-11-26,LB,19.08,25773703
2019-11-26,INCY,93.76,1627931
2019-11-26,NOV,22.39,4579821
2019-11-26,ETFC,43.97,5459255
2019-11-26,CPRI,36.35,4538531
2019-11-26,COG,16.01,17328459
2019-11-26,WYNN,121.55,1493824
2019-11-26,SCHW,49.24,29890366
2019-11-26,ALXN,113.56,1609896
2019-11-26,MYL,18.3,8707848
2019-11-27,ADI,113.7,4345259
2019-11-27,BBY,80.74,6242320
2019-11-27,UA,17.49,7802495
2019-11-27,HOLX,51.4,1989973
2019-11-27,DISCA,33.12,3970643
2019-11-27,ABMD,196.79,783716
2019-11-27,UAA,19.1,9943227
2019-11-27,DISCK,30.65,2187979
2019-11-27,INTU,262.15,1288894
2019-11-27,HRL,44.88,5857372
2019-11-29,ADSK,180.9,1613557
2019-11-29,HP,39.53,1754601
2019-11-29,CERN,71.59,1506347
2019-11-29,HAL,20.99,6896079
2019-11-29,IPGP,142.09,229015
2019-11-29,WDC,50.33,2060365
2019-11-29,MYL,18.78,4265038
2019-11-29,NWL,19.22,1651504
2019-11-29,EXPE,101.66,1986877
2019-11-29,FTI,18.84,2328371
2019-12-02,NRG,39.86,3279745
2019-12-02,HPQ,19.83,17054698
2019-12-02,DXC,36.27,3803174
2019-12-02,CF,45.69,2290342
2019-12-02,CME,203.32,1589248
2019-12-02,ADSK,175.63,2068011
2019-12-02,XEC,47.66,3918757
2019-12-02,ATVI,54.23,5030427
2019-12-02,MYL,18.66,6168098
2019-12-02,CTL,14.3,10252319
2019-12-03,EIX,71.74,3085610
2019-12-03,XEC,45.41,2624819
2019-12-03,HRL,45.54,2684431
2019-12-03,HFC,51.86,2007022
2019-12-03,NOV,22.11,5734442
2019-12-03,KHC,30.8,6591736
2019-12-03,MRO,11.76,11247350
2019-12-03,CPB,47.58,5140264
2019-12-03,ULTA,237.1,1234615
2019-12-03,MO,50.1,10723365
2019-12-04,DXC,36.37,3269065
2019-12-04,AMD,39.69,45760337
2019-12-04,TTWO,121.96,1050428
2019-12-04,CRM,156.43,18500754
2019-12-04,NVDA,209.42,7230025
2019-12-04,NOW,273.8,2077893
2019-12-04,IPGP,143.25,359024
2019-12-04,VRSN,186.8,758884
2019-12-04,CCI,134.53,2347922
2019-12-04,ANSS,252.14,637907
2019-12-05,LB,18.07,9864166
2019-12-05,CPRI,36.87,3360678
2019-12-05,PXD,128.31,1455281
2019-12-05,FANG,79.94,2220996
2019-12-05,PVH,100.73,1786151
2019-12-05,EOG,70.59,4027933
2019-12-05,BKR,22.14,3075907
2019-12-05,HAL,21.42,12126950
2019-12-05,DVN,22.07,5432926
2019-12-05,CAG,28.78,4978972
2019-12-06,BIIB,300.26,2455370
2019-12-06,PVH,101.41,1154989
2019-12-06,RL,111.67,1083783
2019-12-06,NEM,39.8,7813957
2019-12-06,SWK,158.87,1577210
2019-12-06,MHK,138.72,859271
2019-12-06,GD,183.55,1572481
2019-12-06,PHM,40.06,3842439
2019-12-06,TTWO,123.73,1153133
2019-12-06,KMI,19.75,12484287
2019-12-09,APA,20.63,8979327
2019-12-09,HP,40.73,1700608
2019-12-09,CXO,76.58,1251263
2019-12-09,DVN,23.15,5106775
2019-12-09,HAL,22.57,13990975
2019-12-09,EOG,74.51,4253961
2019-12-09,PXD,133.19,1699223
2019-12-09,NBL,21.81,3452576
2019-12-09,FANG,83.78,2072493
2019-12-09,XEC,47.67,1553517
2019-12-10,APA,20.93,7510285
2019-12-10,M,15.74,17710993
2019-12-10,JWN,39.03,2768533
2019-12-10,KSS,48.04,3711650
2019-12-10,FCX,12.28,17874585
2019-12-10,WMB,22.94,10366118
2019-12-10,HAL,22.79,14152721
2019-12-10,UA,17.69,1833403
2019-12-10,KHC,31.88,6207955
2019-12-10,HBI,15.03,4219382
2019-12-11,LB,17.3,8336022
2019-12-11,REGN,373.53,1030745
2019-12-11,ATVI,56.48,6123197
2019-12-11,EXPE,111.96,2756283
2019-12-11,VLO,92.89,3362107
2019-12-11,AAP,155.9,1044196
2019-12-11,M,15.7,21525309
2019-12-11,BAX,83.01,3162209
2019-12-11,BMY,62.41,23391659
2019-12-11,FCX,12.84,34828684
2019-12-12,SWKS,111.49,3649485
2019-12-12,AMAT,60.36,10117574
2019-12-12,FCX,13.06,38420343
2019-12-12,MU,50.97,37997385
2019-12-12,PGR,72.69,4567774
2019-12-12,XLNX,96.54,4031376
2019-12-12,WDC,53.73,7668784
2019-12-12,MHK,139.06,500051
2019-12-12,KLAC,171.46,1746904
2019-12-12,QCOM,89.05,13632856
2019-12-13,AMD,41.15,82973036
2019-12-13,WYNN,129.78,2932199
2019-12-13,LB,17.7,8451299
2019-12-13,MOS,18.63,5269745
2019-12-13,WDC,54.3,7319611
2019-12-13,SWK,164.54,3069625
2019-12-13,GPS,16.69,6989441
2019-12-13,GLW,28.74,6271408
2019-12-13,MYL,19.14,5653075
2019-12-13,SIVB,249.31,762211
2019-12-16,CNP,26.35,7438899
2019-12-16,SBAC,234.68,1190405
2019-12-16,INTU,263.5,2195637
2019-12-16,NOW,281.79,2227382
2019-12-16,LHX,201.34,1614774
2019-12-16,CL,68.87,3964586
2019-12-16,PPL,36.25,9791691
2019-12-16,GPN,179.3,3206071
2019-12-16,SYK,204.25,2185785
2019-12-16,AXP,123.68,4676985
2019-12-17,COG,16.69,7437907
2019-12-17,UAA,20.56,5886684
2019-12-17,UA,18.69,2283255
2019-12-17,CNC,58.94,3740005
2019-12-17,MOS,20.15,8615499
2019-12-17,NOW,276.14,2186829
2019-12-17,HES,64.67,2788656
2019-12-17,HUM,363.92,1470617
2019-12-17,MPC,61.21,5973415
2019-12-17,FANG,86.61,2121605
2019-12-18,ALB,68.9,1627039
2019-12-18,MOS,20.86,9213604
2019-12-18,M,16.53,23318722
2019-12-18,WRK,42.14,2591636
2019-12-18,ULTA,250.07,1487963
2019-12-18,XEC,50.66,1842320
2019-12-18,NFLX,320.8,11841524
2019-12-18,NWL,18.57,4747771
2019-12-18,CAG,29.05,7155847
2019-12-18,AAP,158.03,650750
2019-12-19,CTVA,27.71,21178955
2019-12-19,LB,18.4,6040175
2019-12-19,TWTR,32.03,23001864
2019-12-19,UAA,21.16,4133910
2019-12-19,MOS,20.6,6652867
2019-12-19,SBAC,238.15,995673
2019-12-19,CCI,139.92,3210617
2019-12-19,GM,37.26,12112908
2019-12-19,CBRE,59.82,2205480
2019-12-19,NBL,23.35,4001861
2019-12-20,CAG,35.07,19625033
2019-12-20,ACN,211.1,7204449
2019-12-20,AMT,227.74,4742796
2019-12-20,NOV,24.33,6114090
2019-12-20,MAC,26.47,37322415
2019-12-20,COTY,11.48,24771167
2019-12-20,DLR,118.02,3585382
2019-12-20,GLW,29.01,16884841
2019-12-20,NFLX,336.9,11685804
2019-12-20,NWL,19.86,16413363
2019-12-23,NWL,19.34,3628835
2019-12-23,FFIV,139.04,661883
2019-12-23,CAG,34.02,9396365
2019-12-23,MOS,21.54,6223558
2019-12-23,CF,47.75,1693427
2019-12-23,IQV,154.87,2294541
2019-12-23,NLSN,20.17,6872235
2019-12-23,NVR,3786.71,25683
2019-12-23,NCLH,58.51,2351983
2019-12-23,CCL,51.26,6328151
2019-12-24,APA,26.17,6096752
2019-12-24,ABMD,172.3,408206
2019-12-24,NBL,24.61,2383786
2019-12-24,SLB,40.65,4107127
2019-12-24,FTI,21.14,877229
2019-12-24,HP,44.84,672143
2019-12-24,NOV,24.94,1121477
2019-12-24,HES,67.24,544861
2019-12-24,ALB,72.32,717653
2019-12-24,MRO,13.62,4368031
2019-12-26,LEN,56.02,3590035
2019-12-26,ILMN,331.34,917971
2019-12-26,SWKS,122.28,1589268
2019-12-26,TSCO,92.48,1318351
2019-12-26,VMC,143.65,425652
2019-12-26,KR,28.89,4479141
2019-12-26,FBHS,65.49,561357
2019-12-26,MCK,139.31,665625
2019-12-26,TTWO,123.99,1053236
2019-12-26,CBRE,61.28,1189904
2019-12-27,AMZN,1869.8,6429052
2019-12-27,IFF,127.34,800909
2019-12-27,M,16.51,10148088
2019-12-27,AAPL,289.73,38178846
2019-12-27,NTRS,106.99,1071131
2019-12-27,CTVA,29.14,3512634
2019-12-27,CBRE,60.95,915747
2019-12-27,JWN,40.9,1513887
2019-12-27,C,79.67,17134878
2019-12-27,MLM,278.71,283993
2019-12-28,NKE,101.45,6
2019-12-28,INTC,60.08,323
2019-12-28,IBM,135.03,500
2019-12-28,QCOM,88.62,342
2019-12-28,AAPL,289.73,18100
2019-12-28,HD,219.96,18
2019-12-28,GOOGL,1354.34,222
2019-12-30,INTC,59.62,14498826
2019-12-30,HD,217.31,4505979
2019-12-30,NKE,100.8,4055380
2019-12-30,AAPL,291.79,36543259
2019-12-30,QCOM,88.43,7051516
2019-12-30,GOOGL,1338.1,926345
2019-12-30,IBM,132.81,5392482
2019-12-31,NEM,43.45,7840096
2019-12-31,HP,45.43,2059880
2019-12-31,ROST,116.42,1980986
2019-12-31,M,17,12783257
2019-12-31,NI,27.84,11102665
2019-12-31,OXY,41.21,11836681
2019-12-31,FTI,21.44,3059829
2019-12-31,KR,28.99,5422491
2019-12-31,SLB,40.2,12210044
2019-12-31,NOV,25.05,3183328
2020-01-01,AAPL,293.62,34853
2020-01-01,GOOGL,1341.74,62
